Category,Job_Title,Job_Description,JD_Number
HR,Human Resources Manager,"Job Title: Human Resources Manager. Description: Talent Acquisition Managers oversee the recruitment and hiring process. They develop recruitment strategies, source candidates, conduct interviews, and collaborate with hiring managers to attract and hire qualified talent to meet the organizations staffing needs. Skills: Talent sourcing Interviewing Onboarding Recruitment strategies HR software Responsibilities: Lead talent acquisition efforts, including sourcing, interviewing, and onboarding new employees. Collaborate with hiring managers to define job requirements. Develop and implement recruitment strategies.",1
HR,HR Coordinator,"Job Title: HR Coordinator. Description: Training Coordinators design and implement employee training programs. They assess training needs, develop training materials, and facilitate training sessions to enhance employees skills and knowledge. Skills: Training program coordination Training material development Learning management systems Responsibilities: Coordinate employee training programs, track training records, and assist with training logistics. Identify training needs and develop training materials. Facilitate training sessions or workshops.",2
HR,HR Coordinator,"Job Title: HR Coordinator. Description: Recruitment Coordinators support the hiring process by scheduling interviews, screening candidates, and assisting with onboarding. They ensure a smooth recruitment process and maintain candidate records. Skills: Recruitment process Candidate screening Applicant tracking systems Communication Responsibilities: Assist with recruitment activities, including posting job openings, coordinating interviews, and managing applicant data. Ensure a positive candidate experience. Maintain recruitment records and metrics.",3
HR,HR Coordinator,"Job Title: HR Coordinator. Description: Benefits Coordinators administer employee benefit programs, including health insurance, retirement plans, and other perks. They assist employees with benefit inquiries and ensure compliance with benefit policies. Skills: Employee benefits administration Benefits compliance HRIS Benefits communication Responsibilities: Administer employee benefits programs, respond to benefits inquiries, and process benefit changes. Collaborate with benefits providers and brokers. Educate employees on available benefits.",4
HR,HR Manager,"Job Title: HR Manager. Description: A Human Resources Director leads HR functions, including talent acquisition, employee development, and HR strategy, to promote a positive work environment and support organizational goals. Skills: Strategic HR planning Employee relations Talent management HR policy development Leadership skills Responsibilities: Oversee all HR functions, including recruitment, benefits administration, employee relations, and policy development. Align HR strategies with business goals. Provide leadership to the HR team.",5
HR,Human Resources Manager,"Job Title: Human Resources Manager. Description: Employee Relations Specialists focus on maintaining positive relationships between employees and the organization. They address workplace issues, conduct investigations, mediate conflicts, and promote a healthy and productive work environment. Skills: Employee conflict resolution HR compliance Employee engagement Communication skills Responsibilities: Address employee concerns, resolve conflicts, and implement HR policies and programs to foster a positive work environment. Conduct investigations and recommend corrective actions. Promote employee engagement and satisfaction.",6
HR,HR Manager,"Job Title: HR Manager. Description: An HR Compliance Specialist ensures adherence to employment laws and regulations, conducts audits, and provides guidance to maintain legal compliance within the organization. Skills: Employment law knowledge Compliance management Auditing skills Employee relations Communication skills Responsibilities: Ensure HR policies and practices comply with legal and regulatory requirements. Conduct audits and investigations. Provide guidance on compliance issues.",7
HR,Human Resources Manager,"Job Title: Human Resources Manager. Description: HR Generalists handle various HR functions, including recruitment, employee relations, benefits administration, and HR compliance. They serve as a resource for employees and management, ensuring HR policies and practices align with organizational goals and legal requirements. Skills: HR policies and procedures Employee relations Recruitment Communication skills Responsibilities: Oversee various HR functions, including recruitment, benefits administration, and employee relations. Develop and implement HR policies and procedures. Handle employee inquiries and concerns.",8
HR,HR Manager,"Job Title: HR Manager. Description: An Employee Development Manager focuses on employee growth and skill development, designing and implementing training programs to enhance employee capabilities and performance. Skills: Training and development Performance management Learning programs Employee engagement Coaching and mentoring Responsibilities: Focus on employee training, development, and career advancement. Create training programs and succession plans. Foster a culture of continuous learning.",9
INFORMATION-TECHNOLOGY,Network Engineer,"Job Title: Network Engineer. Description: Wireless Network Engineers design, implement, and maintain wireless network solutions. They optimize wireless connectivity, troubleshoot issues, and ensure reliable and secure wireless communications. Skills: Wireless network design and architecture Wi-Fi standards and protocols RF (Radio Frequency) planning and optimization Wireless security protocols Troubleshooting wireless network issues Responsibilities: Design, configure, and optimize wireless networks, ensuring reliable and secure wireless connectivity. Troubleshoot wireless network issues. Plan and implement wireless network upgrades.",1
INFORMATION-TECHNOLOGY,Network Administrator,"Job Title: Network Administrator. Description: Protect an organizations computer networks and systems from security threats, monitor network traffic, and respond to incidents. Skills: Network security protocols Intrusion detection and prevention Security incident response Firewall administration Vulnerability assessment Security policies and procedures Log analysis Ethical hacking Problem-solving Communication skills Attention to detail Responsibilities: Manage and secure computer networks, including firewalls and intrusion detection systems. Monitor network traffic for security threats. Implement security policies and procedures.",2
INFORMATION-TECHNOLOGY,Software Engineer,"Job Title: Software Engineer. Description: A Backend Developer is tasked with building and maintaining the server-side logic and database infrastructure of web applications. They work on the core functionality, data storage, and server communication to ensure the application runs smoothly and efficiently. Skills: Proficiency in one or more backend programming languages (e.g., Java, Python, Node.js, Ruby) API development Database management (SQL or NoSQL) Server management and deployment Security best practices Knowledge of web frameworks (e.g., Express, Django) Responsibilities: Develop server-side logic and databases using programming languages like Java, Python, or Node.js. Ensure data security and integrity. Implement APIs for seamless communication between frontend and backend.",3
INFORMATION-TECHNOLOGY,Systems Administrator,"Job Title: Systems Administrator. Description: IT Support Specialists provide technical assistance to end-users, troubleshooting hardware and software problems, setting up equipment, and maintaining IT infrastructure. Skills: Technical troubleshooting Hardware and software support Customer service Problem-solving Communication Responsibilities: Provide technical support to end-users, troubleshoot hardware and software issues, and resolve IT-related problems. Install and configure computer systems and software. Maintain IT documentation and knowledge base.",4
INFORMATION-TECHNOLOGY,IT Support Specialist,"Job Title: IT Support Specialist. Description: Desktop Support Technicians troubleshoot and maintain desktop computer systems, resolving hardware and software problems for users. Skills: Desktop hardware and software troubleshooting Operating system expertise (e.g., Windows, macOS) Remote desktop support Hardware and software upgrades Customer service skills Responsibilities: Install, configure, and maintain desktop computers and peripherals. Perform hardware and software upgrades and repairs. Manage IT inventory and asset tracking.",5
INFORMATION-TECHNOLOGY,Software Developer,"Job Title: Software Developer. Description: Mobile App Developers design and develop mobile applications for various platforms. They collaborate with cross-functional teams to create user-friendly and functional mobile apps that meet user needs. Skills: Mobile app development languages (e.g., Java, Swift, Kotlin) Cross-platform development (e.g., React Native, Flutter) Mobile app design principles APIs and web services integration Debugging and troubleshooting Responsibilities: Create mobile applications for iOS and Android platforms. Optimize mobile app performance and user experience. Collaborate with cross-functional teams to define app requirements.",6
INFORMATION-TECHNOLOGY,Systems Engineer,"Job Title: Systems Engineer. Description: The role of a Systems Integration Specialist involves integrating various software and hardware components to create cohesive systems. You will design and implement solutions that enable different systems to communicate and work together seamlessly. Your responsibilities also include troubleshooting integration issues, ensuring data consistency, and collaborating with cross-functional teams. Skills: Systems integration Integration architecture Data mapping Middleware technologies API integration System testing Troubleshooting Responsibilities: Integrate various software and hardware systems within an organization, ensuring seamless data flow and interoperability. Collaborate with software developers and IT teams on integration projects.",7
INFORMATION-TECHNOLOGY,Network Engineer,"Job Title: Network Engineer. Description: Network Security Engineers focus on protecting network systems from cyber threats. They implement security measures, monitor network traffic, and respond to security incidents to safeguard the organizations data. Skills: Network security protocols and technologies Firewalls and intrusion detection systems Vulnerability assessment and penetration testing Security policy development and enforcement Incident response and recovery Responsibilities: Focus on network security, implement security measures, and protect against cyber threats. Conduct security audits and vulnerability assessments. Respond to security incidents and breaches.",8
INFORMATION-TECHNOLOGY,Network Administrator,"Job Title: Network Administrator. Description: Manage and maintain an organizations IT infrastructure, including servers, hardware, and software systems. Skills: System administration Server maintenance Active Directory Backup and recovery Cloud computing (e.g., AWS, Azure) Troubleshooting IT security best practices Collaboration Problem-solving Attention to detail Communication skills Technical knowledge Responsibilities: Administer servers and systems, ensuring uptime and reliability. Perform software installations and updates. Provide technical support to end-users.",9
INFORMATION-TECHNOLOGY,IT Manager,"Job Title: IT Manager. Description: An Infrastructure Manager is responsible for the operation and maintenance of an organizations IT infrastructure, including servers, networks, and data centers. Skills: Network administration System administration Virtualization technologies (e.g., VMware, Hyper-V) Storage management IT security Disaster recovery planning Capacity planning Monitoring and troubleshooting Cloud infrastructure (e.g., AWS, Azure) Vendor management Responsibilities: Manage IT infrastructure, including servers, networks, and data centers. Ensure high availability, security, and scalability of IT systems. Plan and implement technology upgrades.",10
DESIGNER,UX/UI Designer,"Job Title: UX/UI Designer. Description: User Interface Designers focus on the visual and interactive aspects of digital interfaces. They design layouts, buttons, and other elements to ensure a cohesive and visually appealing user interface. Skills: UI design principles and best practices Graphic design tools (e.g., Adobe Photoshop, Illustrator) Typography and color theory Visual design and layout Responsive design Responsibilities: Create visually appealing user interfaces (UI) that align with brand aesthetics and enhance user engagement. Design interface elements and interactive components. Ensure UI consistency across digital platforms.",1
DESIGNER,UX/UI Designer,"Job Title: UX/UI Designer. Description: Interaction Designers specialize in designing user interactions within digital interfaces. They create meaningful and engaging user experiences by considering user behaviors and system responses. Skills: Interaction design principles User behavior and psychology Wireframing and prototyping tools Animation and micro-interaction design Collaborative design processes Responsibilities: Work on interaction design, defining how users interact with digital products and ensuring a seamless user journey. Create wireframes and prototypes to illustrate interactions. Collaborate with developers to implement interaction designs.",2
DESIGNER,Web Designer,"Job Title: Web Designer. Description: Frontend Web Designers create the visual elements and user interfaces of websites. They use HTML, CSS, and JavaScript to design responsive, user-friendly web pages, ensuring a seamless and visually appealing online experience. Skills: Frontend web development HTML/CSS Responsive design User interface (UI) design Adobe Creative Suite Collaboration skills Responsibilities: Create visually appealing and responsive web designs using HTML, CSS, and JavaScript. Ensure cross-browser compatibility. Optimize web performance and page load times.",3
DESIGNER,UX/UI Designer,"Job Title: UX/UI Designer. Description: User Experience Designers create intuitive and user-friendly digital interfaces. They conduct user research, design prototypes, and work to enhance the overall user experience of websites and applications. Skills: User-centered design principles UX/UI design tools (e.g., Sketch, Adobe XD) Wireframing and prototyping Usability testing and user research Information architecture and user flows Responsibilities: Design and improve user experiences (UX) by creating intuitive and user-friendly interfaces for websites and applications. Conduct user research and usability testing. Collaborate with stakeholders to gather and incorporate feedback.",4
DESIGNER,Graphic Designer,"Job Title: Graphic Designer. Description: Print Graphic Designers design graphics and layouts for printed materials such as brochures, posters, and packaging. They use their creativity and design skills to visually communicate messages and information effectively in printed form. Skills: Print design software (e.g., Adobe InDesign, Illustrator) Layout and composition Print production processes Color theory and management Attention to detail Print industry knowledge Responsibilities: Design printed materials such as brochures, posters, and packaging. Choose appropriate printing methods and materials. Collaborate with print vendors and ensure quality output.",5
DESIGNER,Product Designer,"Job Title: Product Designer. Description: An Industrial Designer creates and improves product designs, focusing on aesthetics, functionality, and user experience to produce innovative and marketable products. Skills: Industrial design principles CAD and 3D modeling Prototyping and testing Responsibilities: Focus on the physical design and aesthetics of products. Develop product concepts, sketches, and 3D models. Collaborate with engineers for product feasibility.",6
DESIGNER,Graphic Designer,"Job Title: Graphic Designer. Description: UI/UX Designers focus on creating user-friendly and visually appealing interfaces for digital products. They conduct user research, design wireframes and prototypes, and collaborate with development teams to ensure a seamless and enjoyable user experience. Skills: User interface (UI) design User experience (UX) design Wireframing and prototyping tools (e.g., Sketch, Figma) Usability testing Information architecture Interaction design Mobile and responsive design Responsibilities: Focus on user interface (UI) and user experience (UX) design for websites and applications to enhance user engagement. Conduct user research and usability testing. Collaborate with developers to implement designs.",7
DESIGNER,Web Designer,"Job Title: Web Designer. Description: E-commerce Web Designers specialize in designing and optimizing online stores and shopping websites. They focus on user experience, product presentation, and conversion rate optimization to drive online sales and customer engagement. Skills: E-commerce web design UX/UI design Shopping cart integration Payment gateway integration Mobile responsiveness E-commerce platforms (e.g., Shopify) Responsibilities: Focus on designing user interfaces for e-commerce websites, including product listings, shopping carts, and checkout processes. Enhance the online shopping experience and conversion rates.",8
DESIGNER,Graphic Designer,"Job Title: Graphic Designer. Description: Web Graphic Designers create visually appealing graphics, images, and layouts for websites. They work closely with web developers and UI/UX designers to ensure that web content is aesthetically pleasing, on-brand, and engaging to users. Skills: Graphic design tools (e.g., Adobe Creative Suite) Web design principles User interface (UI) design Visual communication Typography Creativity and artistic skills Responsibilities: Create visually appealing graphics and layouts for websites, digital marketing materials, and user interfaces. Ensure consistent branding across digital platforms. Optimize images and graphics for web use.",9
SALES,Account Manager,"Job Title: Account Manager. Description: A Sales Account Manager is responsible for building and maintaining relationships with clients, identifying their needs, and proposing tailored solutions to achieve sales targets. Skills: Account management Sales strategy Negotiation and closing skills Responsibilities: Manage sales accounts and ensure revenue growth. Identify cross-selling and upselling opportunities. Develop account strategies and forecasts.",1
SALES,Sales Manager,"Job Title: Sales Manager. Description: Oversee sales operations within a specific region, develop sales plans, and manage regional sales teams. Skills: Sales strategy development Territory management Sales team leadership Responsibilities: Oversee sales activities and strategy for a specific geographic region. Develop sales plans and objectives. Analyze regional market trends and competition.",2
SALES,Sales Representative,"Job Title: Sales Representative. Description: Inside Sales Representatives are responsible for selling products or services to customers over the phone or through online channels. They engage with leads, answer customer inquiries, and use persuasive communication to close sales and meet revenue targets. Skills: Sales prospecting and lead generation Sales presentation and communication CRM software (e.g., Salesforce) Sales negotiation and closing techniques Product knowledge Relationship building Responsibilities: Identify and qualify sales leads, conduct sales presentations, and close deals through phone and email. Maintain accurate sales records and reports. Provide excellent customer service throughout the sales process.",3
SALES,Sales Representative,"Job Title: Sales Representative. Description: Account Executives manage and grow relationships with existing clients or customers. They understand client needs, propose solutions, negotiate contracts, and ensure customer satisfaction, often working closely with sales and customer support teams. Skills: Sales strategy and planning Account management Customer relationship management Solution selling Sales forecasting Contract negotiation Sales metrics and reporting Responsibilities: Manage client accounts, negotiate contracts, and achieve revenue targets by selling products or services. Provide ongoing support and solutions to clients. Collaborate with cross-functional teams to meet client needs.",4
SALES,Sales Manager,"Job Title: Sales Manager. Description: Lead and motivate sales teams, set sales targets, and develop sales strategies to meet goals. Skills: Sales leadership Team management Sales strategy and planning Responsibilities: Lead and manage a team of sales representatives. Set sales targets and goals. Provide coaching, training, and performance evaluations.",5
SALES,Account Manager,"Job Title: Account Manager. Description: Build and maintain strong client relationships, understand their needs, and ensure client satisfaction. Skills: Client relationship management Customer service Communication skills Responsibilities: Build and nurture strong client relationships. Understand client needs and objectives. Serve as the main point of contact for client communication.",6
SALES,Sales Manager,"Job Title: Sales Manager. Description: Manage key client accounts, build strong relationships, and drive revenue growth. Skills: Key account management Relationship building Sales negotiation Responsibilities: Build and maintain relationships with key clients. Develop account strategies and negotiate contracts. Ensure client satisfaction and retention.",7
SALES,Sales Associate,"Job Title: Sales Associate. Description: A Retail Sales Associate assists customers in retail environments, helping them find products, providing product information, and ensuring a positive shopping experience. Skills: Customer service Sales techniques Product knowledge Cash handling Communication skills Responsibilities: Assist customers in retail stores, answer questions, and provide product information. Process sales transactions and handle customer inquiries and returns. Maintain store displays and merchandising.",8
SALES,Sales Representative,"Job Title: Sales Representative. Description: Outside Sales Representatives meet with potential customers in person to sell products or services. They build relationships, identify sales opportunities, and provide product information and solutions to meet the needs of clients and achieve sales goals. Skills: Sales prospecting and networking Face-to-face sales meetings Territory management Consultative selling Relationship building Sales tracking and reporting Responsibilities: Meet potential clients in person, attend industry events, and build and maintain relationships to drive sales. Conduct product demonstrations and presentations. Negotiate contracts and pricing.",9
FINANCE,Investment Analyst,"Job Title: Investment Analyst. Description: A Risk Analyst assesses and manages financial risks within an organization. They use data analysis and modeling to evaluate potential risks and recommend mitigation strategies. Skills: Risk assessment Data analysis Financial modeling Risk management tools Regulatory compliance knowledge Responsibilities: Evaluate investment risks, including market, credit, and operational risks. Develop risk models and stress tests. Implement risk management strategies and controls.",1
FINANCE,Investment Analyst,"Job Title: Investment Analyst. Description: A Portfolio Manager oversees investment portfolios, making decisions to maximize returns and minimize risks. They analyze financial markets and adjust asset allocations accordingly. Skills: Investment management Financial analysis Risk assessment Asset allocation Portfolio optimization Responsibilities: Manage investment portfolios, making investment decisions and asset allocation. Conduct research and analysis to identify investment opportunities. Monitor portfolio performance and risk.",2
FINANCE,Financial Analyst,"Job Title: Financial Analyst. Description: Investment Analysts analyze financial data and market trends to make informed investment recommendations. They research and assess investment opportunities, create financial models, and provide insights to guide investment decisions and portfolio management. Skills: Financial analysis Investment evaluation Portfolio management Data analysis Responsibilities: Analyze financial data, research investment opportunities, and provide recommendations for investment decisions. Monitor financial markets and economic trends. Prepare investment reports and presentations.",3
FINANCE,Financial Controller,"Job Title: Financial Controller. Description: Finance Managers oversee an organizations financial operations, including budgeting, financial reporting, and investment management. They analyze financial data, make strategic financial decisions, and ensure compliance with financial regulations. Skills: Financial management Budgeting Financial analysis Financial reporting Risk management Financial software (e.g., Excel, QuickBooks) Strategic planning Responsibilities: Oversee financial operations, including budgeting, financial reporting, and cash flow management. Ensure compliance with accounting standards and regulations. Supervise finance staff.",4
FINANCE,Financial Analyst,"Job Title: Financial Analyst. Description: Financial Planners help clients achieve their financial goals by providing personalized financial advice and investment strategies. They assess clients financial situations, develop financial plans, and offer recommendations on savings, investments, and retirement planning. Skills: Financial planning Investment strategy Retirement planning Tax knowledge Responsibilities: Assist clients with financial planning, investment strategies, and retirement planning. Conduct comprehensive financial assessments. Provide personalized financial advice and recommendations.",5
FINANCE,Financial Advisor,"Job Title: Financial Advisor. Description: Wealth Management Advisors provide comprehensive financial planning and investment management services to high-net-worth individuals and families. Skills: Wealth management strategies Asset allocation Estate planning Tax management Client relationship management Responsibilities: Manage high-net-worth clients financial portfolios and assets. Offer comprehensive wealth management services, including estate planning and asset allocation. Provide personalized financial guidance.",6
FINANCE,Financial Controller,"Job Title: Financial Controller. Description: Accounting Controllers manage an organizations accounting and financial reporting functions. They ensure accurate financial records, compliance with accounting standards, and timely financial reporting to support informed decision-making. Skills: Accounting Financial reporting Financial audits Tax compliance Accounting software (e.g., SAP, Oracle) GAAP (Generally Accepted Accounting Principles) Responsibilities: Manage accounting functions, including accounts payable and receivable, payroll, and financial statement preparation. Conduct financial analysis and forecasting. Coordinate audits and tax filings.",7
FINANCE,Finance Manager,"Job Title: Finance Manager. Description: Accounting Managers supervise accounting teams. They ensure accurate financial reporting, manage budgets, and oversee financial transactions and compliance with accounting standards. Skills: Accounting principles Financial reporting Team management Budgeting Financial analysis Responsibilities: Manage accounting functions, including financial reporting and compliance. Ensure accurate and timely financial statements. Oversee audits and tax filings.",8
FINANCE,Financial Advisor,"Job Title: Financial Advisor. Description: Investment Advisors offer financial advice to clients, helping them make investment decisions, manage portfolios, and achieve their financial goals. Skills: Investment strategies Portfolio management Financial planning Risk assessment Regulatory compliance Responsibilities: Provide investment advice and portfolio management services. Assess clients financial goals and risk tolerance. Monitor market trends and recommend investment strategies.",9
FINANCE,Financial Analyst,"Job Title: Financial Analyst. Description: Budget Analysts manage and analyze financial data to develop, monitor, and report on budgets. They work with departments to ensure budget compliance, identify cost-saving opportunities, and provide financial insights to support strategic planning and decision-making. Skills: Budget planning Financial forecasting Excel proficiency Data analysis Responsibilities: Develop and manage budgets, track financial performance, and prepare financial reports. Collaborate with department heads to create and monitor budget plans. Identify cost-saving opportunities.",10
BANKING,Investment Banker,"Job Title: Investment Banker. Description: A Financial Analyst conducts financial analysis, generates reports, and provides insights to support decision-making, budgeting, and financial planning. Skills: Financial analysis Data analysis Financial modeling Responsibilities: Analyze financial data, research investment opportunities, and provide recommendations for investment decisions. Create financial models and projections. Collaborate with clients on investment strategies.",1
BANKING,Investment Banker,"Job Title: Investment Banker. Description: An Investment Portfolio Manager manages investment portfolios, making investment decisions, monitoring performance, and optimizing asset allocation for clients or the organization. Skills: Investment analysis Portfolio management Risk assessment Responsibilities: Manage investment portfolios on behalf of clients or organizations. Monitor portfolio performance and adjust investment strategies. Provide regular reports and updates to clients.",2
BANKING,Investment Banker,"Job Title: Investment Banker. Description: A Mergers and Acquisitions Advisor assists in evaluating potential mergers and acquisitions, conducting due diligence, and providing strategic recommendations for corporate transactions. Skills: Mergers and acquisitions (M&A) expertise Due diligence Valuation techniques Responsibilities: Advise on mergers, acquisitions, and corporate finance transactions. Perform due diligence and financial analysis. Negotiate and structure deals.",3
HEALTHCARE,Registered Nurse,"Job Title: Registered Nurse. Description: A Staff Nurse provides patient care, administers medications, and collaborates with healthcare teams to ensure the well-being of patients in clinical settings. Skills: Nursing care Patient assessment Medical knowledge Responsibilities: Provide direct patient care, including assessments, medication administration, and wound care. Monitor patient conditions and vital signs. Collaborate with healthcare teams to develop care plans.",1
HEALTHCARE,Registered Nurse,"Job Title: Registered Nurse. Description: A Clinical Nurse Specialist is an advanced practice nurse who specializes in specific patient populations or clinical areas, providing expert care and contributing to improved patient outcomes. Skills: Clinical nursing specialization (e.g., critical care, oncology) Advanced nursing skills Patient education Responsibilities: Specialize in a specific area of patient care, such as pediatrics or oncology. Provide expert clinical guidance and education to healthcare staff. Contribute to evidence-based practice and quality improvement.",2
HEALTHCARE,Registered Nurse,"Job Title: Registered Nurse. Description: A Charge Nurse leads and supervises nursing staff, coordinates patient care, and ensures efficient operations within a healthcare unit or department. Skills: Nursing leadership Charge nurse responsibilities Team coordination Responsibilities: Supervise nursing staff and allocate patient assignments. Ensure compliance with nursing standards and protocols. Act as a resource for nursing-related issues.",3
ENGINEERING,Mechanical Engineer,"Job Title: Mechanical Engineer. Description: Mechanical Design Engineers create and develop mechanical systems and components, from concept to manufacturing, ensuring functionality and safety. Skills: Mechanical engineering CAD software (e.g., SolidWorks, AutoCAD) Finite element analysis Product development Prototyping Responsibilities: Design mechanical systems, components, and products. Create 3D models and detailed engineering drawings. Perform structural and thermal analyses.",1
ENGINEERING,Civil Engineer,"Job Title: Civil Engineer. Description: A Structural Engineer designs and analyzes the structural integrity of buildings, bridges, and other structures. They ensure safety and compliance with engineering standards. Skills: Structural engineering principles Structural analysis and design software (e.g., AutoCAD, SAP2000) Building codes and standards Project management Structural integrity assessment Responsibilities: Design and analyze structural components and systems for buildings and infrastructure projects. Ensure structural safety and compliance with codes and standards. Collaborate with architects and contractors.",2
ENGINEERING,Electrical Engineer,"Job Title: Electrical Engineer. Description: Electronics Hardware Engineers develop and design electronic components and systems, from circuit boards to hardware prototypes, ensuring functionality and performance. Skills: Electronics design PCB layout Embedded systems Circuit analysis Troubleshooting Responsibilities: Develop electronic hardware components and circuits for various applications. Conduct testing and validation of electronic systems. Collaborate with cross-functional teams on product development.",3
ENGINEERING,Structural Engineer,"Job Title: Structural Engineer. Description: A Design Engineer creates and develops product designs and specifications, using engineering principles and design software to bring innovative products to market. Skills: Engineering design CAD software proficiency Problem-solving Technical knowledge Communication skills Responsibilities: Design structural systems and components for buildings and infrastructure projects. Perform structural analysis and calculations. Create detailed design plans and specifications.",4
ENGINEERING,Electrical Engineer,"Job Title: Electrical Engineer. Description: Power Systems Engineers design and maintain electrical power systems. They work on generation, transmission, and distribution of electrical power, focusing on safety and efficiency. Skills: Electrical engineering Power system analysis Renewable energy systems Control systems Safety regulations Responsibilities: Design and analyze electrical power systems, including transmission and distribution networks. Perform load flow analysis and ensure grid reliability. Implement energy efficiency solutions.",5
ENGINEERING,Process Engineer,"Job Title: Process Engineer. Description: Chemical Engineers design and oversee processes for the production of chemicals and related products. They conduct experiments, analyze data, and develop processes to optimize production, ensure safety, and minimize environmental impact. Skills: Chemical engineering Process design Chemical reactions Safety protocols Laboratory techniques Problem-solving skills Responsibilities: Specialize in chemical processes, including design and optimization. Monitor chemical reactions and processes. Ensure compliance with environmental regulations.",6
ENGINEERING,Civil Engineer,"Job Title: Civil Engineer. Description: A Water Resources Engineer manages and develops water-related projects, such as dams, irrigation systems, and flood control measures, to ensure water resource sustainability. Skills: Water resources engineering Hydrology and hydraulics Environmental impact assessment Water resource modeling software Watershed management Responsibilities: Focus on water-related projects, such as flood control, water supply, and wastewater treatment. Design and manage water resource systems and infrastructure. Address water quality and conservation issues.",7
ENGINEERING,Process Engineer,"Job Title: Process Engineer. Description: Industrial Engineers focus on improving efficiency and productivity in various industries. They analyze processes, design systems, and implement solutions to streamline operations, reduce costs, and enhance quality. Skills: Industrial engineering Process optimization Lean manufacturing Quality control Data analysis Workflow design Responsibilities: Focus on industrial processes and systems. Streamline operations, reduce waste, and improve productivity. Implement lean and Six Sigma methodologies.",8
ENGINEERING,Mechanical Engineer,"Job Title: Mechanical Engineer. Description: Manufacturing Engineers optimize manufacturing processes, improve production efficiency, and ensure product quality in manufacturing environments. Skills: Manufacturing processes knowledge CAD/CAM software proficiency Lean manufacturing principles Quality control and assurance Six Sigma certification Responsibilities: Improve manufacturing processes and production efficiency. Collaborate with production teams to implement lean manufacturing principles. Optimize manufacturing workflows and quality control.",9
ENGINEERING,Electrical Engineer,"Job Title: Electrical Engineer. Description: Controls Engineers specialize in industrial automation, designing and implementing control systems for machinery and manufacturing processes. They optimize efficiency and safety. Skills: Control system design PLC programming Automation Instrumentation System integration Responsibilities: Design and implement control systems for industrial automation and robotics. Program PLCs (Programmable Logic Controllers) and HMI (Human-Machine Interface) systems. Troubleshoot control system issues.",10
ACCOUNTANT,Accountant,"Job Title: Accountant. Description: Financial Accountants handle financial records, prepare financial statements, and ensure compliance with accounting standards. They analyze financial data to provide accurate financial reports and support decision-making within the organization. Skills: Financial reporting Accounting software (e.g., QuickBooks) Auditing GAAP knowledge Responsibilities: Maintain financial records, prepare financial statements, and ensure compliance with accounting standards and regulations. Reconcile accounts and analyze financial data. Assist with financial audits.",1
ACCOUNTANT,Accountant,"Job Title: Accountant. Description: Tax Accountants specialize in tax-related matters. They prepare tax returns, assist with tax planning, and ensure compliance with tax laws and regulations. They stay updated on tax codes and advise organizations on tax strategies. Skills: Tax preparation Tax planning Tax regulations Accounting Tax software proficiency Responsibilities: Prepare and file tax returns, provide tax planning advice, and address tax-related issues. Stay up-to-date on tax laws and regulations. Assist clients with tax compliance and planning.",2
ACCOUNTANT,Accountant,"Job Title: Accountant. Description: Forensic Accountants investigate financial discrepancies and fraud. They analyze financial documents, track financial transactions, and provide expert testimony in legal proceedings. They play a critical role in detecting and preventing financial fraud. Skills: Forensic accounting Fraud detection Legal knowledge Investigative skills Responsibilities: Investigate financial discrepancies, analyze financial data for fraud, and provide expert testimony in legal cases. Perform forensic audits and fraud detection. Collaborate with law enforcement and legal teams.",3
DIGITAL-MEDIA,Digital Marketing Specialist,"Job Title: Digital Marketing Specialist. Description: Social Media Managers oversee an organizations social media presence. They create and schedule content, engage with followers, and analyze social media metrics to drive brand awareness and engagement. Skills: Social media platforms (e.g., Facebook, Twitter, Instagram) Content creation and scheduling Social media analytics and insights Community engagement Paid social advertising Responsibilities: Manage and grow social media accounts, create engaging content, and interact with the online community. Develop social media content calendars and strategies. Monitor social media trends and engagement metrics.",1
DIGITAL-MEDIA,Digital Marketing Specialist,"Job Title: Digital Marketing Specialist. Description: SEO Specialists optimize websites for search engines to improve online visibility. They conduct keyword research, optimize content, and implement SEO strategies to increase organic traffic and rankings. Skills: Search engine algorithms and ranking factors Keyword research and analysis On-page and off-page SEO optimization SEO tools (e.g., Google Analytics, SEMrush) SEO content strategy Responsibilities: Optimize websites for search engines (SEO), conduct keyword research, and improve online visibility and search rankings. Monitor and analyze SEO performance metrics. Implement SEO best practices and strategies.",2
DIGITAL-MEDIA,Social Media Manager,"Job Title: Social Media Manager. Description: Social Media Analysts analyze social media data and metrics to provide insights and recommendations for improving social media strategies. They track performance, identify trends, and support data-driven decision-making. Skills: Social media analytics tools (e.g., Google Analytics, Facebook Insights) Data analysis and reporting Social media ROI measurement Competitive analysis Trend identification Responsibilities: Analyze social media data and user behavior to generate actionable insights. Track key performance indicators (KPIs) and recommend optimization strategies. Stay updated on social media trends and algorithm changes.",3
DIGITAL-MEDIA,SEO Specialist,"Job Title: SEO Specialist. Description: Technical SEO Specialists optimize website infrastructure, addressing issues like site speed, mobile-friendliness, and structured data to enhance search engine visibility. Skills: Technical SEO audits Website crawl analysis Schema markup XML sitemaps Canonicalization Responsibilities: Identify and resolve technical SEO issues, such as crawl errors, website speed, and mobile-friendliness. Implement schema markup and structured data. Ensure website indexing and sitemap accuracy.",4
DIGITAL-MEDIA,SEO Specialist,"Job Title: SEO Specialist. Description: Content SEO Strategists create SEO strategies specifically for content, focusing on keyword integration, content quality, and user engagement to boost organic traffic. Skills: Content strategy SEO content optimization Content marketing Keyword mapping Analytics Responsibilities: Develop content strategies for SEO, including keyword integration and content optimization. Collaborate with content creators to align content with SEO goals. Track content performance and make improvements.",5
DIGITAL-MEDIA,Social Media Manager,"Job Title: Social Media Manager. Description: Social Media Strategists develop and execute social media strategies to achieve marketing goals. They analyze social media trends, create content calendars, and measure the effectiveness of social media campaigns. Skills: Social media marketing strategy development Content planning and creation Social media advertising and targeting Data-driven decision-making Social media trends and platform updates Responsibilities: Develop and implement social media strategies to increase brand awareness and engagement. Create and curate content for various social media platforms. Monitor social media metrics and analyze performance.",6
DIGITAL-MEDIA,Digital Marketing Specialist,"Job Title: Digital Marketing Specialist. Description: Email Marketing Specialists design and execute email marketing campaigns. They create email content, segment email lists, and analyze campaign performance to achieve marketing goals and engage subscribers. Skills: Email marketing platforms (e.g., Mailchimp, Constant Contact) Email campaign creation and segmentation A/B testing and optimization Email deliverability and compliance Metrics tracking and analysis Responsibilities: Plan and execute email marketing campaigns, including creating email content and designs. Segment email lists and analyze email performance metrics. A/B test email campaigns for optimization.",7
DIGITAL-MEDIA,SEO Specialist,"Job Title: SEO Specialist. Description: SEO Analysts optimize websites for search engines, conduct keyword research, analyze performance metrics, and implement strategies to improve search rankings. Skills: Search engine optimization Keyword research SEO tools (e.g., Google Analytics, SEMrush) On-page and off-page optimization Responsibilities: Conduct keyword research, on-page and off-page SEO optimization, and website audits. Monitor search engine rankings and website traffic. Generate SEO reports and recommendations.",8
DIGITAL-MEDIA,Social Media Manager,"Job Title: Social Media Manager. Description: Community Managers build and engage online communities around a brand or product. They interact with community members, moderate discussions, and foster a sense of belonging and loyalty among community members. Skills: Community engagement and moderation Online community-building strategies Content curation and creation Crisis management and conflict resolution Analytics and reporting Responsibilities: Build and manage online communities and social media profiles. Engage with followers and respond to comments and messages. Handle reputation management and address customer inquiries.",9
CONSULTANT,Data Analyst,"Job Title: Data Analyst. Description: Business Intelligence Analysts gather and analyze data to provide valuable insights to support decision-making within an organization. They create reports, dashboards, and data visualizations to help stakeholders understand trends, patterns, and opportunities in the data. Skills: Data analysis and visualization tools (e.g., Tableau, Power BI) SQL and database querying Business intelligence concepts Data modeling and reporting Strong analytical and problem-solving skills Data-driven decision-making Responsibilities: Gather and analyze data to provide insights for decision-making using tools like Tableau or Power BI. Create data visualizations and reports. Identify trends and patterns in data.",1
CONSULTANT,Research Analyst,"Job Title: Research Analyst. Description: A Social Science Researcher conducts research in fields such as sociology, psychology, or anthropology to study human behavior and social phenomena, contributing to academic knowledge. Skills: Social science research methods Qualitative and quantitative data analysis Survey design and implementation Ethnographic research Interviewing skills Research ethics Statistical software (e.g., Stata, NVivo) Report writing Communication skills Critical thinking Empathy Responsibilities: Conduct research in social sciences, gathering and analyzing data on social phenomena, human behavior, and public policy. Publish research findings in academic journals. Contribute to social science research projects.",2
CONSULTANT,Business Analyst,"Job Title: Business Analyst. Description: IT Business Analysts bridge the gap between business needs and technology solutions. They analyze business processes, gather requirements, and create solutions that align with organizational goals. Skills: Business process analysis Requirement gathering Data analysis Communication skills Responsibilities: Analyze business processes, gather requirements, and recommend solutions to enhance efficiency and productivity. Create business process models and documentation. Collaborate with IT teams to implement solutions.",3
CONSULTANT,Data Analyst,"Job Title: Data Analyst. Description: Data Scientists use their expertise in data analysis and machine learning to extract valuable insights and predictions from data. They build and train models, conduct statistical analysis, and communicate findings to drive data-driven decision-making in the organization. Skills: Machine learning algorithms and libraries (e.g., scikit-learn, TensorFlow, PyTorch) Statistical analysis and modeling Data preprocessing and cleaning Big data technologies (e.g., Hadoop, Spark) Data visualization Strong programming skills (Python, R) Responsibilities: Apply machine learning algorithms and statistical techniques to extract insights from large datasets. Develop predictive models. Conduct data experiments and A/B testing.",4
CONSULTANT,Business Analyst,"Job Title: Business Analyst. Description: Data Business Analysts focus on data-related projects. They collect and analyze data, identify trends, and provide insights to support data-driven decision-making within the organization. Skills: Data analysis Data modeling Data visualization SQL Data tools (e.g., Tableau) Responsibilities: Focus on data analysis, data modeling, and data visualization to support business decision-making. Develop and maintain data dictionaries and metadata. Collaborate with data engineers and analysts.",5
CONSULTANT,Research Analyst,"Job Title: Research Analyst. Description: A Market Research Analyst gathers and analyzes data to provide insights into market trends, consumer behavior, and competitive landscapes. They help businesses make informed decisions. Skills: Market research methodologies Data collection and analysis Consumer behavior analysis Competitor analysis Survey design and analysis Statistical analysis software (e.g., SPSS, SAS) Data visualization Trend analysis Report writing Communication skills Attention to detail Responsibilities: Conduct market research to gather data on consumer behavior, market trends, and competitive analysis. Analyze research findings and generate actionable insights. Prepare research reports and presentations.",6
CONSULTANT,Data Analyst,"Job Title: Data Analyst. Description: Data Quality Analysts ensure the accuracy, completeness, and consistency of data within an organization. They develop and implement data quality standards, perform data validation, and identify and resolve data quality issues to maintain data integrity. Skills: Data quality assessment and improvement Data profiling and validation Knowledge of data quality tools (e.g., Informatica, Talend) Data governance principles SQL for data analysis Attention to detail and data accuracy Responsibilities: Ensure data accuracy and quality by identifying and addressing data issues and anomalies. Establish data quality standards and processes. Collaborate with data stewards to improve data quality.",7
CONSULTANT,Business Analyst,"Job Title: Business Analyst. Description: Healthcare Business Analysts work in the healthcare industry, analyzing data and processes to improve healthcare delivery. They collaborate with healthcare professionals and IT teams to optimize systems and workflows. Skills: Healthcare industry knowledge Health data analysis HIPAA regulations EMR systems Responsibilities: Work in the healthcare sector, analyzing healthcare data and processes to improve patient care and operational efficiency. Identify opportunities for process improvement and cost reduction. Collaborate with healthcare professionals and stakeholders.",8
CONSULTANT,Research Analyst,"Job Title: Research Analyst. Description: A Data Analyst Researcher conducts research and analysis using data to support academic or scientific inquiries. They contribute to research projects and publish findings. Skills: Data analysis techniques Research methodologies Data collection and interpretation Statistical analysis software (e.g., R, Python) Data visualization tools (e.g., Tableau, Power BI) Research report writing Critical thinking Problem-solving Communication skills Attention to detail Responsibilities: Focus on data analysis, data mining, and statistical analysis to extract insights from large datasets. Develop data models and visualizations. Collaborate with data scientists and analysts.",9
TEACHER,Teacher,"Job Title: Teacher. Description: A Classroom Teacher educates students in a specific subject or grade level. They create lesson plans, deliver instruction, assess student progress, and foster a positive learning environment. Skills: Teaching pedagogy Classroom management Curriculum development Student assessment Differentiated instruction Responsibilities: Plan and deliver engaging lessons, adapting teaching methods to student needs. Assess student progress and provide feedback. Create a positive and inclusive classroom environment.",1
TEACHER,Teacher,"Job Title: Teacher. Description: A Special Education Teacher works with students who have disabilities, tailoring instruction to meet their unique needs and ensuring they have access to a quality education. Skills: Special education strategies Individualized education plans (IEPs) Behavior management techniques Collaboration with support staff Special education laws and regulations knowledge Responsibilities: Provide tailored instruction and support to students with special needs. Develop and implement Individualized Education Plans (IEPs). Collaborate with parents, therapists, and support staff.",2
TEACHER,Teacher,Job Title: Teacher. Description: A Subject Matter Expert possesses deep knowledge in a specific field and provides expertise to solve complex problems or guide decision-making within that domain. Skills: Expertise in a specific subject area Knowledge of curriculum standards Instructional design Assessment development Educational technology proficiency Responsibilities: Specialize in a particular subject area and develop curriculum materials. Provide expertise and guidance to other educators. Stay updated on educational trends and research.,3
ADVOCATE,Legal Assistant,"Job Title: Legal Assistant. Description: Provide administrative support to legal professionals, manage schedules, draft documents, and handle correspondence. Skills: Legal administrative tasks Document management Calendar and docketing Transcription File organization Communication with clients and courts Knowledge of legal terminology Attention to detail Multitasking Computer skills (e.g., MS Office) Responsibilities: Provide administrative support to legal professionals, including scheduling appointments and managing calendars. Prepare legal correspondence and forms. Maintain legal databases and records.",1
ADVOCATE,Legal Counsel,"Job Title: Legal Counsel. Description: Corporate Attorneys provide legal counsel and representation to organizations. They handle legal matters, contracts, mergers, acquisitions, and ensure compliance with laws and regulations relevant to the business. Skills: Corporate law and regulations Contract drafting and negotiation Legal research and analysis Risk management Excellent communication and negotiation skills Responsibilities: Provide legal advice and guidance on corporate matters, contracts, and regulatory compliance. Draft and review legal documents and agreements. Represent the company in legal proceedings.",2
ADVOCATE,Legal Assistant,"Job Title: Legal Assistant. Description: Assist lawyers with legal research, document preparation, and case management in law firms or legal departments. Skills: Legal research Document drafting Case management E-filing Legal databases (e.g., LexisNexis) Client communication Deposition preparation Trial support Ethics and confidentiality Attention to detail Communication skills Legal software proficiency Responsibilities: Assist lawyers in legal research, document preparation, and case management. Draft legal documents and pleadings. Organize and maintain case files.",3
ADVOCATE,Paralegal,"Job Title: Paralegal. Description: Assist in real estate transactions, including title searches, closings, and contract preparation. Skills: Real estate transactions Title searches Closing processes Deed preparation Contract review Communication with real estate professionals Attention to detail Real estate terminology Technology proficiency Legal software proficiency Legal research skills Responsibilities: Specialize in real estate transactions, including title searches, closings, and document preparation. Research property records and zoning regulations. Coordinate real estate transactions.",4
ADVOCATE,Legal Advisor,"Job Title: Legal Advisor. Description: In the role of In-House Counsel, you will provide legal support to the organization across various areas, including contracts, employment law, and regulatory compliance. You will draft legal documents, handle litigation matters, and advise on legal risks affecting day-to-day operations. Your role is crucial in ensuring the company operates within the bounds of the law. Skills: In-house counsel Legal advisory Employment law Intellectual property Regulatory compliance Dispute resolution Contract review Client counseling Responsibilities: Serve as in-house legal counsel for organizations, managing legal issues and contracts internally. Provide legal training to staff and address legal questions and concerns.",5
ADVOCATE,Legal Counsel,"Job Title: Legal Counsel. Description: An Intellectual Property Lawyer specializes in protecting and managing intellectual property rights, including patents, trademarks, and copyrights. They provide legal advice, handle trademark registration, patent applications, and enforce IP rights. Skills: Intellectual property law Trademark and patent law Copyright law IP portfolio management Litigation and dispute resolution Responsibilities: Protect and manage intellectual property rights, trademarks, patents, and copyrights. Conduct IP due diligence and trademark searches. Handle IP disputes and enforcement.",6
ADVOCATE,Paralegal,"Job Title: Paralegal. Description: Provide legal support to corporate legal teams, assist with mergers and acquisitions, and manage corporate records. Skills: Corporate legal tasks Document drafting Compliance Corporate governance Contract management Due diligence Entity formation Communication with stakeholders Attention to detail Technology proficiency Legal software proficiency Legal research skills Responsibilities: Support corporate legal matters, including mergers and acquisitions, contract drafting, and compliance. Maintain corporate records and filings. Assist in due diligence processes.",7
ADVOCATE,Legal Advisor,"Job Title: Legal Advisor. Description: As a Corporate Counsel, you will focus on legal matters related to corporate governance, mergers and acquisitions, and corporate compliance. You will draft and review corporate documents, oversee compliance programs, and handle complex legal negotiations. Your role includes managing legal relationships with external partners and providing strategic legal guidance to the company. Skills: Corporate law Compliance Mergers and acquisitions Corporate governance Contract drafting Risk management Legal strategy Due diligence Responsibilities: Specialize in corporate law, advising companies on legal compliance, mergers and acquisitions, and corporate governance. Ensure legal risk mitigation and compliance with corporate regulations. Handle corporate transactions and contracts.",8
ADVOCATE,Legal Advisor,"Job Title: Legal Advisor. Description: As a Legal Counsel, your responsibilities include providing legal advice, drafting contracts, and ensuring compliance with laws and regulations. You will represent the company in legal matters, negotiate agreements, and mitigate legal risks. Your role involves staying informed about changes in the law and advising management on legal issues affecting the business. Skills: Legal counsel Legal advice Contract negotiation Legal research Litigation support Client representation Legal writing Regulatory compliance Responsibilities: Provide legal advice and counsel to individuals, businesses, or organizations on various legal matters. Draft legal documents, contracts, and agreements. Represent clients in negotiations and legal proceedings.",9
ADVOCATE,Legal Assistant,"Job Title: Legal Assistant. Description: Assist in the preparation of litigation cases, manage electronic discovery, and handle technical aspects of trial preparation. Skills: E-discovery tools and processes Document review and production Litigation support software (e.g., Relativity) Data analysis Case management Communication with legal teams Technical proficiency Attention to detail Problem-solving Legal research skills Responsibilities: Specialize in eDiscovery and managing electronic documents for litigation. Collect, review, and produce electronic evidence. Collaborate with legal teams on case strategies.",10
ARTS,Art Director,"Job Title: Art Director. Description: An Art Curator is responsible for managing and preserving a collection of artworks. They curate exhibitions, acquire new pieces, and educate the public about the art. Skills: Art history and knowledge Art curation and exhibition planning Collections management Art market trends Cultural awareness Responsibilities: Curate and manage art collections, exhibitions, and galleries. Research and select artworks for display. Collaborate with artists, collectors, and institutions.",1
ARTS,Art Director,"Job Title: Art Director. Description: Visual Designers create visual content, including graphics, illustrations, and layouts, to convey messages and enhance brand identity. Skills: Graphic design Typography User interface (UI) design Adobe Creative Suite proficiency Branding and visual identity creation Responsibilities: Create visual concepts and designs for various media, such as print, digital, and advertising campaigns. Use graphic design software and tools to produce high-quality visuals. Collaborate with art and design teams to execute projects.",2
ARTS,Art Director,"Job Title: Art Director. Description: Creative Directors lead creative teams in developing visual and conceptual designs for various media, ensuring brand consistency and artistic quality. Skills: Creative leadership Art direction Concept development Visual design Advertising and marketing expertise Responsibilities: Lead and oversee creative teams, including graphic designers and copywriters. Develop and maintain the artistic and creative direction of projects. Ensure brand consistency and visual identity in all creative materials.",3
BUSINESS-DEVELOPMENT,Business Development Manager,"Job Title: Business Development Manager. Description: A Strategic Partnerships Manager identifies and develops strategic partnerships and alliances that benefit the organization, fostering collaborations and driving mutual success. Skills: Partnership development Negotiation and collaboration Business development Responsibilities: Identify and establish strategic partnerships and alliances. Negotiate partnership agreements and terms. Collaborate with partners to achieve mutual business goals.",1
BUSINESS-DEVELOPMENT,Business Development Manager,"Job Title: Business Development Manager. Description: A Sales Manager leads and guides the sales team, sets sales targets, develops sales strategies, and monitors performance to achieve revenue and growth objectives. Skills: Sales management Sales strategy development Team leadership Responsibilities: Lead and manage a sales team, set sales goals, and develop sales strategies. Identify new business opportunities and target markets. Build and maintain client relationships.",2
BUSINESS-DEVELOPMENT,Business Development Manager,"Job Title: Business Development Manager. Description: A Market Expansion Manager strategizes and executes plans to expand the companys presence in new markets, identifying growth opportunities and optimizing market penetration. Skills: Market expansion strategies Market research Sales planning and execution Responsibilities: Develop and execute plans to expand market presence and reach new customers. Conduct market research and competitor analysis. Evaluate market trends and opportunities.",3
AGRICULTURE,Operations Manager,"Job Title: Operations Manager. Description: Quality Control Managers establish and enforce quality standards within an organization. They develop quality control processes, perform inspections, and implement corrective actions to maintain product or service quality. Skills: Quality control processes and methodologies Statistical process control (SPC) Root cause analysis and corrective action Quality management systems (e.g., ISO 9001) Compliance and regulatory knowledge Responsibilities: Establish and enforce quality control standards and procedures. Conduct quality audits and inspections. Collaborate with production teams to address quality issues and implement improvements.",1
AGRICULTURE,Procurement Manager,"Job Title: Procurement Manager. Description: Analyze procurement data, identify cost-saving opportunities, and support the procurement process. Skills: Procurement processes Vendor assessment Contract negotiation Purchase order management Spend analysis Market research Supplier relationship management Data analysis Problem-solving Attention to detail Communication skills Financial acumen Responsibilities: Analyze procurement data and trends to support decision-making. Conduct supplier evaluations and performance assessments. Assist in procurement planning and forecasting.",2
AGRICULTURE,Supply Chain Manager,Job Title: Supply Chain Manager. Description: A Demand Planner analyzes historical sales data to forecast future demand for products. They work to optimize inventory levels and ensure product availability while minimizing costs. Skills: Demand forecasting Inventory management Data analysis Sales and operations planning (S&OP) ERP software proficiency Responsibilities: Analyze demand patterns and market trends to forecast product demand. Collaborate with production and sales teams to optimize inventory levels. Implement demand planning and forecasting tools.,3
AGRICULTURE,Operations Manager,"Job Title: Operations Manager. Description: Operations Directors oversee the daily operations of an organization. They develop and implement operational strategies, manage teams, and work to optimize processes to achieve business goals and efficiency. Skills: Operations management Strategic planning and execution Budgeting and financial analysis Leadership and team management Process improvement and optimization Responsibilities: Oversee and manage daily operations to ensure efficiency and productivity. Develop and implement operational strategies and goals. Lead and mentor a team of operations staff.",4
AGRICULTURE,Operations Manager,"Job Title: Operations Manager. Description: Supply Chain Managers manage the end-to-end supply chain process, from procurement to distribution. They optimize logistics, reduce costs, and ensure the efficient flow of products or services to meet customer demand. Skills: Supply chain logistics and management Inventory control and procurement Supplier relationship management Data analysis and forecasting Risk assessment and mitigation Responsibilities: Manage the supply chain process, including procurement, inventory management, and logistics. Optimize supply chain operations for cost-effectiveness and timely delivery. Monitor supplier performance and relationships.",5
AGRICULTURE,Procurement Manager,"Job Title: Procurement Manager. Description: Develop and execute sourcing strategies to procure goods and services, negotiate contracts, and manage supplier relationships. Skills: Strategic sourcing strategies Supplier evaluation and selection Negotiation skills Vendor management Cost analysis Supply chain management Contract management Problem-solving Attention to detail Communication skills Strategic thinking Responsibilities: Develop sourcing strategies and manage supplier relationships. Negotiate contracts and terms. Optimize procurement processes and costs.",6
AGRICULTURE,Supply Chain Manager,"Job Title: Supply Chain Manager. Description: A Logistics Manager oversees the movement and storage of goods in a supply chain. They plan, implement, and manage the efficient transportation and distribution of products. Skills: Supply chain management Inventory control Transportation logistics Vendor relations Team leadership and management Responsibilities: Manage the transportation and distribution of goods. Optimize supply chain efficiency, reduce costs, and minimize delivery times. Monitor inventory levels and warehouse operations.",7
AGRICULTURE,Procurement Manager,"Job Title: Procurement Manager. Description: Promote diversity and inclusion in the supply chain, manage supplier diversity programs, and assess supplier performance. Skills: Supplier diversity programs Diversity and inclusion initiatives Supplier assessment and certification Data collection and reporting Vendor outreach and engagement Strategic planning Communication skills Relationship building Attention to diversity and inclusion principles Responsibilities: Promote supplier diversity initiatives and inclusion. Identify and onboard diverse suppliers. Monitor compliance with diversity goals and regulations.",8
APPAREL,Brand Manager,Job Title: Brand Manager. Description: A Product Brand Manager focuses on promoting and managing the brand identity of specific products or product lines within a companys portfolio. Skills: Product branding and marketing Product lifecycle management Cross-functional team collaboration Product launch planning Market segmentation and targeting Responsibilities: Manage the branding of specific products or product lines. Create product launch plans and marketing campaigns. Ensure consistent product messaging and brand representation.,1
APPAREL,Brand Manager,"Job Title: Brand Manager. Description: A Brand Strategist develops strategies to build and strengthen a companys brand identity. They research market trends and consumer preferences to guide branding decisions. Skills: Brand strategy development Market research and analysis Competitive analysis Brand positioning and messaging Creative direction and collaboration Responsibilities: Develop brand strategies, positioning, and messaging to drive brand awareness and loyalty. Conduct market research and competitor analysis. Collaborate with creative teams on branding materials.",2
APPAREL,Marketing Manager,"Job Title: Marketing Manager. Description: Brand Managers are responsible for maintaining and enhancing a brands image and reputation. They develop brand strategies, oversee branding campaigns, and ensure brand consistency in all marketing and communication efforts. Skills: Brand strategy development Brand identity and design Brand storytelling Marketing campaigns Brand performance measurement Creative thinking Strong communication skills Responsibilities: Manage the overall brand identity, create marketing campaigns, and ensure brand consistency across all materials and touchpoints. Monitor brand performance and reputation. Collaborate with creative teams on branding materials.",3
APPAREL,Marketing Manager,"Job Title: Marketing Manager. Description: Product Marketing Managers promote and market products or services. They create marketing strategies, conduct market research, develop messaging, and collaborate with cross-functional teams to launch and promote products effectively in the market. Skills: Product positioning and messaging Market research and analysis Product launch planning Competitive analysis Marketing collateral creation Pricing strategies Cross-functional collaboration Responsibilities: Promote specific products or services through marketing plans, product messaging, and collaboration with sales teams. Conduct market research and competitor analysis. Create product launch plans.",4
APPAREL,Brand Manager,"Job Title: Brand Manager. Description: A Brand Marketing Analyst analyzes market data and consumer behavior to assess the effectiveness of branding strategies. They provide insights to improve brand marketing efforts. Skills: Marketing analytics Data analysis tools (e.g., Google Analytics, Adobe Analytics) Brand performance measurement Consumer behavior analysis Campaign effectiveness evaluation Responsibilities: Analyze brand performance metrics and consumer behavior. Track marketing campaigns and assess their impact on brand perception. Provide insights and recommendations for brand improvement.",5
APPAREL,Marketing Manager,"Job Title: Marketing Manager. Description: Digital Marketing Managers lead digital marketing efforts, including SEO, SEM, social media, email marketing, and content strategy. They develop and execute digital marketing campaigns to increase brand awareness, drive traffic, and generate leads or sales. Skills: Digital marketing strategies SEO and SEM Social media marketing Email marketing campaigns Content marketing Web analytics (e.g., Google Analytics) Marketing automation tools (e.g., HubSpot, Marketo) Responsibilities: Develop and execute digital marketing strategies, including SEO, email marketing, and social media campaigns. Analyze digital marketing metrics and adjust strategies as needed. Manage digital marketing budgets.",6
APPAREL,Product Manager,"Job Title: Product Manager. Description: Agile Product Owners work closely with development teams in Agile environments. They define and prioritize product backlog items, communicate the product vision, and ensure that the product increments delivered align with customer needs and project objectives. Skills: Agile product development Scrum or Kanban frameworks Backlog management User story writing Prioritization techniques Collaboration with development teams Product vision and strategy Responsibilities: Act as the product owner in agile development, making critical decisions and ensuring product goals are met. Maintain and prioritize the product backlog. Communicate with stakeholders and development teams.",7
APPAREL,Product Manager,"Job Title: Product Manager. Description: Technical Product Managers oversee the development and enhancement of technical products. They define product requirements, prioritize features, collaborate with development teams, and ensure the product aligns with the companys strategic goals and market needs. Skills: Product management principles Technical background Agile development methodologies Product roadmap planning Market research and analysis Stakeholder communication Problem-solving skills Responsibilities: Define product requirements, prioritize features, and collaborate with development teams to deliver technical products. Create product roadmaps and release plans. Gather and incorporate feedback from stakeholders.",8
CONSTRUCTION,Project Manager,"Job Title: Project Manager. Description: The Agile Project Manager leads Agile teams, facilitating effective project development and delivery. They use Agile methodologies to manage tasks, prioritize work, and adapt to changing requirements while fostering collaboration among team members. Skills: Agile methodologies Scrum or Kanban Team collaboration Agile tools (e.g., Jira) Responsibilities: Facilitate agile project development, collaborate with cross-functional teams, and manage project backlogs and sprints. Coach and mentor team members on agile practices. Drive continuous improvement of agile processes.",1
CONSTRUCTION,Project Manager,"Job Title: Project Manager. Description: The Construction Project Manager oversees and manages construction projects, ensuring they are completed on time and within budget. They coordinate with contractors, architects, and other stakeholders to ensure successful project delivery. Skills: Construction management Budgeting Contract negotiation Safety regulations Responsibilities: Oversee construction projects, including budgeting, scheduling, and coordination of subcontractors. Ensure compliance with safety regulations. Communicate project status to stakeholders.",2
CONSTRUCTION,Project Manager,"Job Title: Project Manager. Description: IT Project Managers plan, execute, and oversee IT projects. They define project scope, allocate resources, manage budgets, and ensure projects are delivered on time and within scope. They also communicate project status and risks to stakeholders. Skills: Project management Team leadership Risk management Budgeting Communication skills Responsibilities: Plan and oversee IT projects, manage project teams, and ensure successful project delivery within scope, time, and budget. Define project objectives and requirements. Monitor project progress and risks.",3
PUBLIC-RELATIONS,Brand Manager,Job Title: Brand Manager. Description: A Product Brand Manager focuses on promoting and managing the brand identity of specific products or product lines within a companys portfolio. Skills: Product branding and marketing Product lifecycle management Cross-functional team collaboration Product launch planning Market segmentation and targeting Responsibilities: Manage the branding of specific products or product lines. Create product launch plans and marketing campaigns. Ensure consistent product messaging and brand representation.,1
PUBLIC-RELATIONS,Brand Manager,"Job Title: Brand Manager. Description: A Brand Strategist develops strategies to build and strengthen a companys brand identity. They research market trends and consumer preferences to guide branding decisions. Skills: Brand strategy development Market research and analysis Competitive analysis Brand positioning and messaging Creative direction and collaboration Responsibilities: Develop brand strategies, positioning, and messaging to drive brand awareness and loyalty. Conduct market research and competitor analysis. Collaborate with creative teams on branding materials.",2
PUBLIC-RELATIONS,Social Media Manager,"Job Title: Social Media Manager. Description: Social Media Analysts analyze social media data and metrics to provide insights and recommendations for improving social media strategies. They track performance, identify trends, and support data-driven decision-making. Skills: Social media analytics tools (e.g., Google Analytics, Facebook Insights) Data analysis and reporting Social media ROI measurement Competitive analysis Trend identification Responsibilities: Analyze social media data and user behavior to generate actionable insights. Track key performance indicators (KPIs) and recommend optimization strategies. Stay updated on social media trends and algorithm changes.",3
PUBLIC-RELATIONS,Marketing Manager,"Job Title: Marketing Manager. Description: Brand Managers are responsible for maintaining and enhancing a brands image and reputation. They develop brand strategies, oversee branding campaigns, and ensure brand consistency in all marketing and communication efforts. Skills: Brand strategy development Brand identity and design Brand storytelling Marketing campaigns Brand performance measurement Creative thinking Strong communication skills Responsibilities: Manage the overall brand identity, create marketing campaigns, and ensure brand consistency across all materials and touchpoints. Monitor brand performance and reputation. Collaborate with creative teams on branding materials.",4
PUBLIC-RELATIONS,Marketing Manager,"Job Title: Marketing Manager. Description: Product Marketing Managers promote and market products or services. They create marketing strategies, conduct market research, develop messaging, and collaborate with cross-functional teams to launch and promote products effectively in the market. Skills: Product positioning and messaging Market research and analysis Product launch planning Competitive analysis Marketing collateral creation Pricing strategies Cross-functional collaboration Responsibilities: Promote specific products or services through marketing plans, product messaging, and collaboration with sales teams. Conduct market research and competitor analysis. Create product launch plans.",5
PUBLIC-RELATIONS,Social Media Manager,"Job Title: Social Media Manager. Description: Social Media Strategists develop and execute social media strategies to achieve marketing goals. They analyze social media trends, create content calendars, and measure the effectiveness of social media campaigns. Skills: Social media marketing strategy development Content planning and creation Social media advertising and targeting Data-driven decision-making Social media trends and platform updates Responsibilities: Develop and implement social media strategies to increase brand awareness and engagement. Create and curate content for various social media platforms. Monitor social media metrics and analyze performance.",6
PUBLIC-RELATIONS,Brand Manager,"Job Title: Brand Manager. Description: A Brand Marketing Analyst analyzes market data and consumer behavior to assess the effectiveness of branding strategies. They provide insights to improve brand marketing efforts. Skills: Marketing analytics Data analysis tools (e.g., Google Analytics, Adobe Analytics) Brand performance measurement Consumer behavior analysis Campaign effectiveness evaluation Responsibilities: Analyze brand performance metrics and consumer behavior. Track marketing campaigns and assess their impact on brand perception. Provide insights and recommendations for brand improvement.",7
PUBLIC-RELATIONS,Marketing Manager,"Job Title: Marketing Manager. Description: Digital Marketing Managers lead digital marketing efforts, including SEO, SEM, social media, email marketing, and content strategy. They develop and execute digital marketing campaigns to increase brand awareness, drive traffic, and generate leads or sales. Skills: Digital marketing strategies SEO and SEM Social media marketing Email marketing campaigns Content marketing Web analytics (e.g., Google Analytics) Marketing automation tools (e.g., HubSpot, Marketo) Responsibilities: Develop and execute digital marketing strategies, including SEO, email marketing, and social media campaigns. Analyze digital marketing metrics and adjust strategies as needed. Manage digital marketing budgets.",8
PUBLIC-RELATIONS,Social Media Manager,"Job Title: Social Media Manager. Description: Community Managers build and engage online communities around a brand or product. They interact with community members, moderate discussions, and foster a sense of belonging and loyalty among community members. Skills: Community engagement and moderation Online community-building strategies Content curation and creation Crisis management and conflict resolution Analytics and reporting Responsibilities: Build and manage online communities and social media profiles. Engage with followers and respond to comments and messages. Handle reputation management and address customer inquiries.",9
BPO,Operations Manager,"Job Title: Operations Manager. Description: Quality Control Managers establish and enforce quality standards within an organization. They develop quality control processes, perform inspections, and implement corrective actions to maintain product or service quality. Skills: Quality control processes and methodologies Statistical process control (SPC) Root cause analysis and corrective action Quality management systems (e.g., ISO 9001) Compliance and regulatory knowledge Responsibilities: Establish and enforce quality control standards and procedures. Conduct quality audits and inspections. Collaborate with production teams to address quality issues and implement improvements.",1
BPO,Customer Service Manager,"Job Title: Customer Service Manager. Description: Service Quality Assurance Managers monitor and evaluate service quality in an organization. They develop quality standards, conduct audits, analyze customer feedback, and implement improvements to ensure consistent high-quality service delivery. Skills: Quality assurance Quality control Process improvement Audit procedures Compliance standards Root cause analysis Responsibilities: Ensure service quality and consistency by defining and implementing QA standards and processes. Conduct regular quality audits and provide feedback to the team. Identify areas for improvement and training.",2
BPO,Operations Manager,"Job Title: Operations Manager. Description: Operations Directors oversee the daily operations of an organization. They develop and implement operational strategies, manage teams, and work to optimize processes to achieve business goals and efficiency. Skills: Operations management Strategic planning and execution Budgeting and financial analysis Leadership and team management Process improvement and optimization Responsibilities: Oversee and manage daily operations to ensure efficiency and productivity. Develop and implement operational strategies and goals. Lead and mentor a team of operations staff.",3
BPO,Operations Manager,"Job Title: Operations Manager. Description: Supply Chain Managers manage the end-to-end supply chain process, from procurement to distribution. They optimize logistics, reduce costs, and ensure the efficient flow of products or services to meet customer demand. Skills: Supply chain logistics and management Inventory control and procurement Supplier relationship management Data analysis and forecasting Risk assessment and mitigation Responsibilities: Manage the supply chain process, including procurement, inventory management, and logistics. Optimize supply chain operations for cost-effectiveness and timely delivery. Monitor supplier performance and relationships.",4
BPO,Customer Service Manager,"Job Title: Customer Service Manager. Description: Customer Support Managers oversee a team of customer support representatives. They set performance goals, resolve complex customer issues, and develop strategies to improve customer satisfaction and the efficiency of support operations. Skills: Customer support Team leadership Customer satisfaction Issue resolution Performance metrics Training and development Responsibilities: Oversee the customer support team, including hiring, training, and performance management. Set and monitor customer service KPIs and targets. Handle escalated customer issues and resolutions.",5
BPO,Customer Service Manager,"Job Title: Customer Service Manager. Description: Customer Experience Strategists develop and execute strategies to enhance the overall customer experience. They analyze customer feedback, identify pain points, and work across departments to improve products, services, and customer interactions. Skills: Customer experience strategy Customer journey mapping Feedback analysis User research Metrics and KPIs Communication skills Responsibilities: Develop and execute customer experience strategies to improve satisfaction and loyalty. Gather and analyze customer feedback. Collaborate with cross-functional teams to enhance the customer journey.",6
