Model,JD_Key,Category,K,P@K,R@K,NDCG@K
SBERT,HR_JD1,HR,5,1.0,0.045454545454545456,1.0
SBERT,HR_JD1,HR,10,0.8,0.07272727272727272,0.866947989864271
SBERT,HR_JD2,HR,5,0.4,0.01818181818181818,0.38356636737133565
SBERT,HR_JD2,HR,10,0.5,0.045454545454545456,0.4642913062995817
SBERT,HR_JD3,HR,5,1.0,0.045454545454545456,1.0
SBERT,HR_JD3,HR,10,1.0,0.09090909090909091,1.0
SBERT,HR_JD4,HR,5,0.8,0.03636363636363636,0.8687949224876582
SBERT,HR_JD4,HR,10,0.9,0.08181818181818182,0.914856882358379
SBERT,HR_JD5,HR,5,1.0,0.045454545454545456,1.0
SBERT,HR_JD5,HR,10,1.0,0.09090909090909091,1.0
SBERT,HR_JD6,HR,5,0.8,0.03636363636363636,0.6608397947263839
SBERT,HR_JD6,HR,10,0.8,0.07272727272727272,0.7136540102475308
SBERT,HR_JD7,HR,5,1.0,0.045454545454545456,1.0
SBERT,HR_JD7,HR,10,1.0,0.09090909090909091,1.0
SBERT,HR_JD8,HR,5,1.0,0.045454545454545456,1.0
SBERT,HR_JD8,HR,10,0.9,0.08181818181818182,0.9305687780632227
SBERT,HR_JD9,HR,5,1.0,0.045454545454545456,1.0
SBERT,HR_JD9,HR,10,0.8,0.07272727272727272,0.8643145546088337
SBERT,INFORMATION-TECHNOLOGY_JD1,INFORMATION-TECHNOLOGY,5,0.4,0.016666666666666666,0.48522855511632257
SBERT,INFORMATION-TECHNOLOGY_JD1,INFORMATION-TECHNOLOGY,10,0.6,0.05,0.6023277671368327
SBERT,INFORMATION-TECHNOLOGY_JD2,INFORMATION-TECHNOLOGY,5,0.8,0.03333333333333333,0.830419897363192
SBERT,INFORMATION-TECHNOLOGY_JD2,INFORMATION-TECHNOLOGY,10,0.7,0.058333333333333334,0.7600791051976192
SBERT,INFORMATION-TECHNOLOGY_JD3,INFORMATION-TECHNOLOGY,5,0.6,0.025,0.6164336326286644
SBERT,INFORMATION-TECHNOLOGY_JD3,INFORMATION-TECHNOLOGY,10,0.4,0.03333333333333333,0.46945447024602915
SBERT,INFORMATION-TECHNOLOGY_JD4,INFORMATION-TECHNOLOGY,5,0.8,0.03333333333333333,0.830419897363192
SBERT,INFORMATION-TECHNOLOGY_JD4,INFORMATION-TECHNOLOGY,10,0.9,0.075,0.8899541168509599
SBERT,INFORMATION-TECHNOLOGY_JD5,INFORMATION-TECHNOLOGY,5,0.8,0.03333333333333333,0.6608397947263839
SBERT,INFORMATION-TECHNOLOGY_JD5,INFORMATION-TECHNOLOGY,10,0.8,0.06666666666666667,0.7104770117651426
SBERT,INFORMATION-TECHNOLOGY_JD6,INFORMATION-TECHNOLOGY,5,0.2,0.008333333333333333,0.3391602052736161
SBERT,INFORMATION-TECHNOLOGY_JD6,INFORMATION-TECHNOLOGY,10,0.1,0.008333333333333333,0.22009176629808017
SBERT,INFORMATION-TECHNOLOGY_JD7,INFORMATION-TECHNOLOGY,5,0.6,0.025,0.7227265726449519
SBERT,INFORMATION-TECHNOLOGY_JD7,INFORMATION-TECHNOLOGY,10,0.5,0.041666666666666664,0.6086182388744239
SBERT,INFORMATION-TECHNOLOGY_JD8,INFORMATION-TECHNOLOGY,5,0.8,0.03333333333333333,0.7860137352654724
SBERT,INFORMATION-TECHNOLOGY_JD8,INFORMATION-TECHNOLOGY,10,0.8,0.06666666666666667,0.7877736340270854
SBERT,INFORMATION-TECHNOLOGY_JD9,INFORMATION-TECHNOLOGY,5,0.6,0.025,0.7227265726449519
SBERT,INFORMATION-TECHNOLOGY_JD9,INFORMATION-TECHNOLOGY,10,0.6,0.05,0.6683063269107928
SBERT,INFORMATION-TECHNOLOGY_JD10,INFORMATION-TECHNOLOGY,5,0.8,0.03333333333333333,0.8539316501572937
SBERT,INFORMATION-TECHNOLOGY_JD10,INFORMATION-TECHNOLOGY,10,0.7,0.058333333333333334,0.7695261902392829
SBERT,DESIGNER_JD1,DESIGNER,5,0.8,0.037383177570093455,0.8687949224876582
SBERT,DESIGNER_JD1,DESIGNER,10,0.7,0.06542056074766354,0.77523873680463
SBERT,DESIGNER_JD2,DESIGNER,5,0.6,0.028037383177570093,0.6548086577531307
SBERT,DESIGNER_JD2,DESIGNER,10,0.5,0.04672897196261682,0.5669450709942981
SBERT,DESIGNER_JD3,DESIGNER,5,0.6,0.028037383177570093,0.4912596920895758
SBERT,DESIGNER_JD3,DESIGNER,10,0.6,0.056074766355140186,0.5341769051617135
SBERT,DESIGNER_JD4,DESIGNER,5,0.8,0.037383177570093455,0.8539316501572937
SBERT,DESIGNER_JD4,DESIGNER,10,0.8,0.07476635514018691,0.8415908474314976
SBERT,DESIGNER_JD5,DESIGNER,5,0.8,0.037383177570093455,0.830419897363192
SBERT,DESIGNER_JD5,DESIGNER,10,0.8,0.07476635514018691,0.8205228949141826
SBERT,DESIGNER_JD6,DESIGNER,5,0.8,0.037383177570093455,0.830419897363192
SBERT,DESIGNER_JD6,DESIGNER,10,0.6,0.056074766355140186,0.6745711375739728
SBERT,DESIGNER_JD7,DESIGNER,5,1.0,0.04672897196261682,1.0
SBERT,DESIGNER_JD7,DESIGNER,10,1.0,0.09345794392523364,1.0
SBERT,DESIGNER_JD8,DESIGNER,5,0.0,0.0,0.0
SBERT,DESIGNER_JD8,DESIGNER,10,0.2,0.018691588785046728,0.1478294909154526
SBERT,DESIGNER_JD9,DESIGNER,5,1.0,0.04672897196261682,1.0
SBERT,DESIGNER_JD9,DESIGNER,10,1.0,0.09345794392523364,1.0
SBERT,SALES_JD1,SALES,5,0.2,0.008620689655172414,0.16958010263680806
SBERT,SALES_JD1,SALES,10,0.3,0.02586206896551724,0.2520649403266671
SBERT,SALES_JD2,SALES,5,0.8,0.034482758620689655,0.830419897363192
SBERT,SALES_JD2,SALES,10,0.9,0.07758620689655173,0.8899541168509599
SBERT,SALES_JD3,SALES,5,0.8,0.034482758620689655,0.8539316501572937
SBERT,SALES_JD3,SALES,10,0.9,0.07758620689655173,0.9052116356304493
SBERT,SALES_JD4,SALES,5,0.8,0.034482758620689655,0.8687949224876582
SBERT,SALES_JD4,SALES,10,0.5,0.04310344827586207,0.6332196796270029
SBERT,SALES_JD5,SALES,5,0.8,0.034482758620689655,0.830419897363192
SBERT,SALES_JD5,SALES,10,0.6,0.05172413793103448,0.6785038377365556
SBERT,SALES_JD6,SALES,5,0.0,0.0,0.0
SBERT,SALES_JD6,SALES,10,0.0,0.0,0.0
SBERT,SALES_JD7,SALES,5,0.2,0.008620689655172414,0.21398626473452756
SBERT,SALES_JD7,SALES,10,0.1,0.008620689655172414,0.13886244387355454
SBERT,SALES_JD8,SALES,5,1.0,0.04310344827586207,1.0
SBERT,SALES_JD8,SALES,10,0.9,0.07758620689655173,0.933745776545611
SBERT,SALES_JD9,SALES,5,0.6,0.02586206896551724,0.7227265726449519
SBERT,SALES_JD9,SALES,10,0.8,0.06896551724137931,0.8200685179888283
SBERT,FINANCE_JD1,FINANCE,5,0.0,0.0,0.0
SBERT,FINANCE_JD1,FINANCE,10,0.2,0.01694915254237288,0.14279514403613733
SBERT,FINANCE_JD2,FINANCE,5,0.2,0.00847457627118644,0.21398626473452756
SBERT,FINANCE_JD2,FINANCE,10,0.3,0.025423728813559324,0.2687374555268953
SBERT,FINANCE_JD3,FINANCE,5,0.4,0.01694915254237288,0.3156484524795145
SBERT,FINANCE_JD3,FINANCE,10,0.6,0.05084745762711865,0.4825387500873843
SBERT,FINANCE_JD4,FINANCE,5,0.8,0.03389830508474576,0.8539316501572937
SBERT,FINANCE_JD4,FINANCE,10,0.8,0.06779661016949153,0.826813366651774
SBERT,FINANCE_JD5,FINANCE,5,0.6,0.025423728813559324,0.7227265726449519
SBERT,FINANCE_JD5,FINANCE,10,0.7,0.059322033898305086,0.741670249010153
SBERT,FINANCE_JD6,FINANCE,5,0.6,0.025423728813559324,0.6843515475204855
SBERT,FINANCE_JD6,FINANCE,10,0.7,0.059322033898305086,0.7167674835027339
SBERT,FINANCE_JD7,FINANCE,5,0.0,0.0,0.0
SBERT,FINANCE_JD7,FINANCE,10,0.1,0.00847457627118644,0.07839826897867533
SBERT,FINANCE_JD8,FINANCE,5,0.2,0.00847457627118644,0.3391602052736161
SBERT,FINANCE_JD8,FINANCE,10,0.2,0.01694915254237288,0.2934556883974402
SBERT,FINANCE_JD9,FINANCE,5,0.6,0.025423728813559324,0.639945385422766
SBERT,FINANCE_JD9,FINANCE,10,0.6,0.05084745762711865,0.6145870006788592
SBERT,FINANCE_JD10,FINANCE,5,0.8,0.03389830508474576,0.6608397947263839
SBERT,FINANCE_JD10,FINANCE,10,0.6,0.05084745762711865,0.5708588662113935
SBERT,BANKING_JD1,BANKING,5,0.4,0.017391304347826087,0.27727342735504823
SBERT,BANKING_JD1,BANKING,10,0.2,0.017391304347826087,0.17993148201117176
SBERT,BANKING_JD2,BANKING,5,0.2,0.008695652173913044,0.13120507751234178
SBERT,BANKING_JD2,BANKING,10,0.4,0.034782608695652174,0.29155904987671
SBERT,BANKING_JD3,BANKING,5,0.4,0.017391304347826087,0.5531464700081437
SBERT,BANKING_JD3,BANKING,10,0.3,0.02608695652173913,0.42838543210841196
SBERT,HEALTHCARE_JD1,HEALTHCARE,5,0.6,0.02608695652173913,0.5147714448836774
SBERT,HEALTHCARE_JD1,HEALTHCARE,10,0.4,0.034782608695652174,0.40348266660099286
SBERT,HEALTHCARE_JD2,HEALTHCARE,5,0.4,0.017391304347826087,0.3156484524795145
SBERT,HEALTHCARE_JD2,HEALTHCARE,10,0.3,0.02608695652173913,0.2684550357175426
SBERT,HEALTHCARE_JD3,HEALTHCARE,5,0.4,0.017391304347826087,0.38356636737133565
SBERT,HEALTHCARE_JD3,HEALTHCARE,10,0.4,0.034782608695652174,0.3787833386759354
SBERT,ENGINEERING_JD1,ENGINEERING,5,0.4,0.01694915254237288,0.5531464700081437
SBERT,ENGINEERING_JD1,ENGINEERING,10,0.6,0.05084745762711865,0.6405914129030109
SBERT,ENGINEERING_JD2,ENGINEERING,5,0.4,0.01694915254237288,0.38356636737133565
SBERT,ENGINEERING_JD2,ENGINEERING,10,0.4,0.03389830508474576,0.39092738420022166
SBERT,ENGINEERING_JD3,ENGINEERING,5,0.8,0.03389830508474576,0.6608397947263839
SBERT,ENGINEERING_JD3,ENGINEERING,10,0.8,0.06779661016949153,0.7015099647232446
SBERT,ENGINEERING_JD4,ENGINEERING,5,0.8,0.03389830508474576,0.830419897363192
SBERT,ENGINEERING_JD4,ENGINEERING,10,0.7,0.059322033898305086,0.7453016244178956
SBERT,ENGINEERING_JD5,ENGINEERING,5,0.8,0.03389830508474576,0.8687949224876582
SBERT,ENGINEERING_JD5,ENGINEERING,10,0.8,0.06779661016949153,0.841492960259019
SBERT,ENGINEERING_JD6,ENGINEERING,5,1.0,0.0423728813559322,1.0
SBERT,ENGINEERING_JD6,ENGINEERING,10,0.9,0.07627118644067797,0.9305687780632227
SBERT,ENGINEERING_JD7,ENGINEERING,5,0.0,0.0,0.0
SBERT,ENGINEERING_JD7,ENGINEERING,10,0.2,0.01694915254237288,0.13698471029831175
SBERT,ENGINEERING_JD8,ENGINEERING,5,1.0,0.0423728813559322,1.0
SBERT,ENGINEERING_JD8,ENGINEERING,10,0.7,0.059322033898305086,0.7819835854675755
SBERT,ENGINEERING_JD9,ENGINEERING,5,1.0,0.0423728813559322,1.0
SBERT,ENGINEERING_JD9,ENGINEERING,10,0.8,0.06779661016949153,0.8630152897016883
SBERT,ENGINEERING_JD10,ENGINEERING,5,1.0,0.0423728813559322,1.0
SBERT,ENGINEERING_JD10,ENGINEERING,10,1.0,0.0847457627118644,1.0
SBERT,ACCOUNTANT_JD1,ACCOUNTANT,5,1.0,0.0423728813559322,1.0
SBERT,ACCOUNTANT_JD1,ACCOUNTANT,10,0.9,0.07627118644067797,0.9305687780632227
SBERT,ACCOUNTANT_JD2,ACCOUNTANT,5,0.8,0.03389830508474576,0.8539316501572937
SBERT,ACCOUNTANT_JD2,ACCOUNTANT,10,0.7,0.059322033898305086,0.7655934900767002
SBERT,ACCOUNTANT_JD3,ACCOUNTANT,5,0.4,0.01694915254237288,0.30078518014914984
SBERT,ACCOUNTANT_JD3,ACCOUNTANT,10,0.5,0.0423728813559322,0.39842793454336184
SBERT,DIGITAL-MEDIA_JD1,DIGITAL-MEDIA,5,0.4,0.020833333333333332,0.5531464700081437
SBERT,DIGITAL-MEDIA_JD1,DIGITAL-MEDIA,10,0.6,0.0625,0.6437684113853992
SBERT,DIGITAL-MEDIA_JD2,DIGITAL-MEDIA,5,1.0,0.052083333333333336,1.0
SBERT,DIGITAL-MEDIA_JD2,DIGITAL-MEDIA,10,0.5,0.052083333333333336,0.6489315753318465
SBERT,DIGITAL-MEDIA_JD3,DIGITAL-MEDIA,5,0.8,0.041666666666666664,0.830419897363192
SBERT,DIGITAL-MEDIA_JD3,DIGITAL-MEDIA,10,0.7,0.07291666666666667,0.7421246259355073
SBERT,DIGITAL-MEDIA_JD4,DIGITAL-MEDIA,5,0.4,0.020833333333333332,0.27727342735504823
SBERT,DIGITAL-MEDIA_JD4,DIGITAL-MEDIA,10,0.2,0.020833333333333332,0.17993148201117176
SBERT,DIGITAL-MEDIA_JD5,DIGITAL-MEDIA,5,0.6,0.03125,0.639945385422766
SBERT,DIGITAL-MEDIA_JD5,DIGITAL-MEDIA,10,0.4,0.041666666666666664,0.4936790360674166
SBERT,DIGITAL-MEDIA_JD6,DIGITAL-MEDIA,5,0.4,0.020833333333333332,0.34519134224686937
SBERT,DIGITAL-MEDIA_JD6,DIGITAL-MEDIA,10,0.5,0.052083333333333336,0.43808927588501717
SBERT,DIGITAL-MEDIA_JD7,DIGITAL-MEDIA,5,0.6,0.03125,0.6548086577531307
SBERT,DIGITAL-MEDIA_JD7,DIGITAL-MEDIA,10,0.6,0.0625,0.6339753813071974
SBERT,DIGITAL-MEDIA_JD8,DIGITAL-MEDIA,5,0.6,0.03125,0.6843515475204855
SBERT,DIGITAL-MEDIA_JD8,DIGITAL-MEDIA,10,0.4,0.041666666666666664,0.5174612499126158
SBERT,DIGITAL-MEDIA_JD9,DIGITAL-MEDIA,5,0.2,0.010416666666666666,0.13120507751234178
SBERT,DIGITAL-MEDIA_JD9,DIGITAL-MEDIA,10,0.3,0.03125,0.21501812929496175
SBERT,CONSULTANT_JD1,CONSULTANT,5,0.0,0.0,0.0
SBERT,CONSULTANT_JD1,CONSULTANT,10,0.0,0.0,0.0
SBERT,CONSULTANT_JD2,CONSULTANT,5,0.0,0.0,0.0
SBERT,CONSULTANT_JD2,CONSULTANT,10,0.0,0.0,0.0
SBERT,CONSULTANT_JD3,CONSULTANT,5,0.0,0.0,0.0
SBERT,CONSULTANT_JD3,CONSULTANT,10,0.4,0.034782608695652174,0.2726701556894781
SBERT,CONSULTANT_JD4,CONSULTANT,5,0.0,0.0,0.0
SBERT,CONSULTANT_JD4,CONSULTANT,10,0.0,0.0,0.0
SBERT,CONSULTANT_JD5,CONSULTANT,5,0.0,0.0,0.0
SBERT,CONSULTANT_JD5,CONSULTANT,10,0.0,0.0,0.0
SBERT,CONSULTANT_JD6,CONSULTANT,5,0.4,0.017391304347826087,0.3156484524795145
SBERT,CONSULTANT_JD6,CONSULTANT,10,0.2,0.017391304347826087,0.20483424751859086
SBERT,CONSULTANT_JD7,CONSULTANT,5,0.2,0.008695652173913044,0.16958010263680806
SBERT,CONSULTANT_JD7,CONSULTANT,10,0.1,0.008695652173913044,0.11004588314904008
SBERT,CONSULTANT_JD8,CONSULTANT,5,0.0,0.0,0.0
SBERT,CONSULTANT_JD8,CONSULTANT,10,0.0,0.0,0.0
SBERT,CONSULTANT_JD9,CONSULTANT,5,0.0,0.0,0.0
SBERT,CONSULTANT_JD9,CONSULTANT,10,0.1,0.008695652173913044,0.06362078819895171
SBERT,TEACHER_JD1,TEACHER,5,0.8,0.0392156862745098,0.830419897363192
SBERT,TEACHER_JD1,TEACHER,10,0.9,0.08823529411764706,0.8899541168509599
SBERT,TEACHER_JD2,TEACHER,5,0.8,0.0392156862745098,0.830419897363192
SBERT,TEACHER_JD2,TEACHER,10,0.9,0.08823529411764706,0.8899541168509599
SBERT,TEACHER_JD3,TEACHER,5,0.8,0.0392156862745098,0.8539316501572937
SBERT,TEACHER_JD3,TEACHER,10,0.8,0.0784313725490196,0.8415908474314976
SBERT,ADVOCATE_JD1,ADVOCATE,5,0.0,0.0,0.0
SBERT,ADVOCATE_JD1,ADVOCATE,10,0.2,0.01694915254237288,0.14201905717762703
SBERT,ADVOCATE_JD2,ADVOCATE,5,0.2,0.00847457627118644,0.16958010263680806
SBERT,ADVOCATE_JD2,ADVOCATE,10,0.1,0.00847457627118644,0.11004588314904008
SBERT,ADVOCATE_JD3,ADVOCATE,5,0.2,0.00847457627118644,0.13120507751234178
SBERT,ADVOCATE_JD3,ADVOCATE,10,0.3,0.025423728813559324,0.22716217481924803
SBERT,ADVOCATE_JD4,ADVOCATE,5,0.2,0.00847457627118644,0.3391602052736161
SBERT,ADVOCATE_JD4,ADVOCATE,10,0.1,0.00847457627118644,0.22009176629808017
SBERT,ADVOCATE_JD5,ADVOCATE,5,0.2,0.00847457627118644,0.14606834984270645
SBERT,ADVOCATE_JD5,ADVOCATE,10,0.2,0.01694915254237288,0.1731866333482261
SBERT,ADVOCATE_JD6,ADVOCATE,5,0.2,0.00847457627118644,0.14606834984270645
SBERT,ADVOCATE_JD6,ADVOCATE,10,0.1,0.00847457627118644,0.09478836436955078
SBERT,ADVOCATE_JD7,ADVOCATE,5,0.2,0.00847457627118644,0.21398626473452756
SBERT,ADVOCATE_JD7,ADVOCATE,10,0.1,0.00847457627118644,0.13886244387355454
SBERT,ADVOCATE_JD8,ADVOCATE,5,0.2,0.00847457627118644,0.16958010263680806
SBERT,ADVOCATE_JD8,ADVOCATE,10,0.1,0.00847457627118644,0.11004588314904008
SBERT,ADVOCATE_JD9,ADVOCATE,5,0.2,0.00847457627118644,0.16958010263680806
SBERT,ADVOCATE_JD9,ADVOCATE,10,0.1,0.00847457627118644,0.11004588314904008
SBERT,ADVOCATE_JD10,ADVOCATE,5,0.2,0.00847457627118644,0.13120507751234178
SBERT,ADVOCATE_JD10,ADVOCATE,10,0.2,0.01694915254237288,0.1635413866202963
SBERT,ARTS_JD1,ARTS,5,0.6,0.02912621359223301,0.5296347172140421
SBERT,ARTS_JD1,ARTS,10,0.4,0.038834951456310676,0.4170606134915054
SBERT,ARTS_JD2,ARTS,5,0.0,0.0,0.0
SBERT,ARTS_JD2,ARTS,10,0.0,0.0,0.0
SBERT,ARTS_JD3,ARTS,5,0.2,0.009708737864077669,0.3391602052736161
SBERT,ARTS_JD3,ARTS,10,0.1,0.009708737864077669,0.22009176629808017
SBERT,BUSINESS-DEVELOPMENT_JD1,BUSINESS-DEVELOPMENT,5,0.6,0.025210084033613446,0.5296347172140421
SBERT,BUSINESS-DEVELOPMENT_JD1,BUSINESS-DEVELOPMENT,10,0.7,0.058823529411764705,0.6285108926059098
SBERT,BUSINESS-DEVELOPMENT_JD2,BUSINESS-DEVELOPMENT,5,0.6,0.025210084033613446,0.639945385422766
SBERT,BUSINESS-DEVELOPMENT_JD2,BUSINESS-DEVELOPMENT,10,0.5,0.04201680672268908,0.5670429581667766
SBERT,BUSINESS-DEVELOPMENT_JD3,BUSINESS-DEVELOPMENT,5,0.6,0.025210084033613446,0.7227265726449519
SBERT,BUSINESS-DEVELOPMENT_JD3,BUSINESS-DEVELOPMENT,10,0.3,0.025210084033613446,0.4690000933206748
SBERT,AGRICULTURE_JD1,AGRICULTURE,5,0.0,0.0,0.0
SBERT,AGRICULTURE_JD1,AGRICULTURE,10,0.1,0.015873015873015872,0.07336392209936005
SBERT,AGRICULTURE_JD2,AGRICULTURE,5,0.0,0.0,0.0
SBERT,AGRICULTURE_JD2,AGRICULTURE,10,0.0,0.0,0.0
SBERT,AGRICULTURE_JD3,AGRICULTURE,5,0.0,0.0,0.0
SBERT,AGRICULTURE_JD3,AGRICULTURE,10,0.0,0.0,0.0
SBERT,AGRICULTURE_JD4,AGRICULTURE,5,0.0,0.0,0.0
SBERT,AGRICULTURE_JD4,AGRICULTURE,10,0.1,0.015873015873015872,0.07839826897867533
SBERT,AGRICULTURE_JD5,AGRICULTURE,5,0.0,0.0,0.0
SBERT,AGRICULTURE_JD5,AGRICULTURE,10,0.0,0.0,0.0
SBERT,AGRICULTURE_JD6,AGRICULTURE,5,0.0,0.0,0.0
SBERT,AGRICULTURE_JD6,AGRICULTURE,10,0.0,0.0,0.0
SBERT,AGRICULTURE_JD7,AGRICULTURE,5,0.0,0.0,0.0
SBERT,AGRICULTURE_JD7,AGRICULTURE,10,0.0,0.0,0.0
SBERT,AGRICULTURE_JD8,AGRICULTURE,5,0.0,0.0,0.0
SBERT,AGRICULTURE_JD8,AGRICULTURE,10,0.0,0.0,0.0
SBERT,APPAREL_JD1,APPAREL,5,0.2,0.010309278350515464,0.14606834984270645
SBERT,APPAREL_JD1,APPAREL,10,0.2,0.020618556701030927,0.1731866333482261
SBERT,APPAREL_JD2,APPAREL,5,0.2,0.010309278350515464,0.21398626473452756
SBERT,APPAREL_JD2,APPAREL,10,0.1,0.010309278350515464,0.13886244387355454
SBERT,APPAREL_JD3,APPAREL,5,0.0,0.0,0.0
SBERT,APPAREL_JD3,APPAREL,10,0.1,0.010309278350515464,0.06625422345438903
SBERT,APPAREL_JD4,APPAREL,5,0.2,0.010309278350515464,0.16958010263680806
SBERT,APPAREL_JD4,APPAREL,10,0.1,0.010309278350515464,0.11004588314904008
SBERT,APPAREL_JD5,APPAREL,5,0.2,0.010309278350515464,0.14606834984270645
SBERT,APPAREL_JD5,APPAREL,10,0.3,0.030927835051546393,0.24655055544758614
SBERT,APPAREL_JD6,APPAREL,5,0.0,0.0,0.0
SBERT,APPAREL_JD6,APPAREL,10,0.0,0.0,0.0
SBERT,APPAREL_JD7,APPAREL,5,0.0,0.0,0.0
SBERT,APPAREL_JD7,APPAREL,10,0.4,0.041237113402061855,0.2816372027313761
SBERT,APPAREL_JD8,APPAREL,5,0.2,0.010309278350515464,0.3391602052736161
SBERT,APPAREL_JD8,APPAREL,10,0.2,0.020618556701030927,0.28952298823485745
SBERT,CONSTRUCTION_JD1,CONSTRUCTION,5,0.0,0.0,0.0
SBERT,CONSTRUCTION_JD1,CONSTRUCTION,10,0.0,0.0,0.0
SBERT,CONSTRUCTION_JD2,CONSTRUCTION,5,0.8,0.03571428571428571,0.8687949224876582
SBERT,CONSTRUCTION_JD2,CONSTRUCTION,10,0.9,0.08035714285714286,0.914856882358379
SBERT,CONSTRUCTION_JD3,CONSTRUCTION,5,0.6,0.026785714285714284,0.6548086577531307
SBERT,CONSTRUCTION_JD3,CONSTRUCTION,10,0.6,0.05357142857142857,0.6390097281865127
SBERT,PUBLIC-RELATIONS_JD1,PUBLIC-RELATIONS,5,0.4,0.018018018018018018,0.4703652827859579
SBERT,PUBLIC-RELATIONS_JD1,PUBLIC-RELATIONS,10,0.4,0.036036036036036036,0.4422195942380129
SBERT,PUBLIC-RELATIONS_JD2,PUBLIC-RELATIONS,5,0.4,0.018018018018018018,0.4703652827859579
SBERT,PUBLIC-RELATIONS_JD2,PUBLIC-RELATIONS,10,0.5,0.04504504504504504,0.5264282969545138
SBERT,PUBLIC-RELATIONS_JD3,PUBLIC-RELATIONS,5,0.0,0.0,0.0
SBERT,PUBLIC-RELATIONS_JD3,PUBLIC-RELATIONS,10,0.2,0.018018018018018018,0.1478294909154526
SBERT,PUBLIC-RELATIONS_JD4,PUBLIC-RELATIONS,5,0.8,0.036036036036036036,0.8687949224876582
SBERT,PUBLIC-RELATIONS_JD4,PUBLIC-RELATIONS,10,0.6,0.05405405405405406,0.715550648768261
SBERT,PUBLIC-RELATIONS_JD5,PUBLIC-RELATIONS,5,0.4,0.018018018018018018,0.34519134224686937
SBERT,PUBLIC-RELATIONS_JD5,PUBLIC-RELATIONS,10,0.2,0.018018018018018018,0.22400556151517553
SBERT,PUBLIC-RELATIONS_JD6,PUBLIC-RELATIONS,5,0.4,0.018018018018018018,0.3156484524795145
SBERT,PUBLIC-RELATIONS_JD6,PUBLIC-RELATIONS,10,0.4,0.036036036036036036,0.34181895781690264
SBERT,PUBLIC-RELATIONS_JD7,PUBLIC-RELATIONS,5,0.4,0.018018018018018018,0.4703652827859579
SBERT,PUBLIC-RELATIONS_JD7,PUBLIC-RELATIONS,10,0.3,0.02702702702702703,0.3714891073940902
SBERT,PUBLIC-RELATIONS_JD8,PUBLIC-RELATIONS,5,0.0,0.0,0.0
SBERT,PUBLIC-RELATIONS_JD8,PUBLIC-RELATIONS,10,0.0,0.0,0.0
SBERT,PUBLIC-RELATIONS_JD9,PUBLIC-RELATIONS,5,0.4,0.018018018018018018,0.5087403079104241
SBERT,PUBLIC-RELATIONS_JD9,PUBLIC-RELATIONS,10,0.4,0.036036036036036036,0.4818998405251556
SBERT,BPO_JD1,BPO,5,0.0,0.0,0.0
SBERT,BPO_JD1,BPO,10,0.0,0.0,0.0
SBERT,BPO_JD2,BPO,5,0.0,0.0,0.0
SBERT,BPO_JD2,BPO,10,0.0,0.0,0.0
SBERT,BPO_JD3,BPO,5,0.0,0.0,0.0
SBERT,BPO_JD3,BPO,10,0.0,0.0,0.0
SBERT,BPO_JD4,BPO,5,0.0,0.0,0.0
SBERT,BPO_JD4,BPO,10,0.2,0.09090909090909091,0.1478294909154526
SBERT,BPO_JD5,BPO,5,0.0,0.0,0.0
SBERT,BPO_JD5,BPO,10,0.0,0.0,0.0
SBERT,BPO_JD6,BPO,5,0.0,0.0,0.0
SBERT,BPO_JD6,BPO,10,0.1,0.045454545454545456,0.07336392209936005
BERT,HR_JD1,HR,5,0.8,0.03636363636363636,0.8687949224876582
BERT,HR_JD1,HR,10,0.8,0.07272727272727272,0.84860265890399
BERT,HR_JD2,HR,5,0.4,0.01818181818181818,0.48522855511632257
BERT,HR_JD2,HR,10,0.4,0.03636363636363636,0.45186484096594276
BERT,HR_JD3,HR,5,0.4,0.01818181818181818,0.27727342735504823
BERT,HR_JD3,HR,10,0.3,0.02727272727272727,0.24936270394794902
BERT,HR_JD4,HR,5,0.0,0.0,0.0
BERT,HR_JD4,HR,10,0.0,0.0,0.0
BERT,HR_JD5,HR,5,0.8,0.03636363636363636,0.8539316501572937
BERT,HR_JD5,HR,10,0.5,0.045454545454545456,0.6325414799409712
BERT,HR_JD6,HR,5,0.4,0.01818181818181818,0.36005461457723403
BERT,HR_JD6,HR,10,0.4,0.03636363636363636,0.3783033006761697
BERT,HR_JD7,HR,5,0.2,0.00909090909090909,0.3391602052736161
BERT,HR_JD7,HR,10,0.3,0.02727272727272727,0.37185395737611554
BERT,HR_JD8,HR,5,0.8,0.03636363636363636,0.8539316501572937
BERT,HR_JD8,HR,10,0.8,0.07272727272727272,0.8415908474314976
BERT,HR_JD9,HR,5,0.0,0.0,0.0
BERT,HR_JD9,HR,10,0.0,0.0,0.0
BERT,INFORMATION-TECHNOLOGY_JD1,INFORMATION-TECHNOLOGY,5,0.4,0.016666666666666666,0.4703652827859579
BERT,INFORMATION-TECHNOLOGY_JD1,INFORMATION-TECHNOLOGY,10,0.4,0.03333333333333333,0.44988737637276544
BERT,INFORMATION-TECHNOLOGY_JD2,INFORMATION-TECHNOLOGY,5,0.4,0.016666666666666666,0.3156484524795145
BERT,INFORMATION-TECHNOLOGY_JD2,INFORMATION-TECHNOLOGY,10,0.3,0.025,0.2781981696179509
BERT,INFORMATION-TECHNOLOGY_JD3,INFORMATION-TECHNOLOGY,5,0.2,0.008333333333333333,0.3391602052736161
BERT,INFORMATION-TECHNOLOGY_JD3,INFORMATION-TECHNOLOGY,10,0.3,0.025,0.37185395737611554
BERT,INFORMATION-TECHNOLOGY_JD4,INFORMATION-TECHNOLOGY,5,0.2,0.008333333333333333,0.21398626473452756
BERT,INFORMATION-TECHNOLOGY_JD4,INFORMATION-TECHNOLOGY,10,0.3,0.025,0.2866919347890071
BERT,INFORMATION-TECHNOLOGY_JD5,INFORMATION-TECHNOLOGY,5,0.2,0.008333333333333333,0.3391602052736161
BERT,INFORMATION-TECHNOLOGY_JD5,INFORMATION-TECHNOLOGY,10,0.2,0.016666666666666666,0.28371255449703187
BERT,INFORMATION-TECHNOLOGY_JD6,INFORMATION-TECHNOLOGY,5,0.2,0.008333333333333333,0.3391602052736161
BERT,INFORMATION-TECHNOLOGY_JD6,INFORMATION-TECHNOLOGY,10,0.2,0.016666666666666666,0.28371255449703187
BERT,INFORMATION-TECHNOLOGY_JD7,INFORMATION-TECHNOLOGY,5,0.4,0.016666666666666666,0.38356636737133565
BERT,INFORMATION-TECHNOLOGY_JD7,INFORMATION-TECHNOLOGY,10,0.3,0.025,0.31516255047698366
BERT,INFORMATION-TECHNOLOGY_JD8,INFORMATION-TECHNOLOGY,5,0.6,0.025,0.5296347172140421
BERT,INFORMATION-TECHNOLOGY_JD8,INFORMATION-TECHNOLOGY,10,0.5,0.041666666666666664,0.47674870152787435
BERT,INFORMATION-TECHNOLOGY_JD9,INFORMATION-TECHNOLOGY,5,0.2,0.008333333333333333,0.3391602052736161
BERT,INFORMATION-TECHNOLOGY_JD9,INFORMATION-TECHNOLOGY,10,0.2,0.016666666666666666,0.2984900352767555
BERT,INFORMATION-TECHNOLOGY_JD10,INFORMATION-TECHNOLOGY,5,0.6,0.025,0.5296347172140421
BERT,INFORMATION-TECHNOLOGY_JD10,INFORMATION-TECHNOLOGY,10,0.5,0.041666666666666664,0.491526182307598
BERT,DESIGNER_JD1,DESIGNER,5,0.8,0.037383177570093455,0.8687949224876582
BERT,DESIGNER_JD1,DESIGNER,10,0.6,0.056074766355140186,0.7034066032439746
BERT,DESIGNER_JD2,DESIGNER,5,0.0,0.0,0.0
BERT,DESIGNER_JD2,DESIGNER,10,0.1,0.009345794392523364,0.06625422345438903
BERT,DESIGNER_JD3,DESIGNER,5,0.0,0.0,0.0
BERT,DESIGNER_JD3,DESIGNER,10,0.0,0.0,0.0
BERT,DESIGNER_JD4,DESIGNER,5,0.4,0.018691588785046728,0.48522855511632257
BERT,DESIGNER_JD4,DESIGNER,10,0.2,0.018691588785046728,0.31488013066763093
BERT,DESIGNER_JD5,DESIGNER,5,0.6,0.028037383177570093,0.7227265726449519
BERT,DESIGNER_JD5,DESIGNER,10,0.6,0.056074766355140186,0.675416025555764
BERT,DESIGNER_JD6,DESIGNER,5,0.8,0.037383177570093455,0.8687949224876582
BERT,DESIGNER_JD6,DESIGNER,10,0.4,0.037383177570093455,0.5637884576902256
BERT,DESIGNER_JD7,DESIGNER,5,0.4,0.018691588785046728,0.4703652827859579
BERT,DESIGNER_JD7,DESIGNER,10,0.2,0.018691588785046728,0.30523488393970116
BERT,DESIGNER_JD8,DESIGNER,5,0.2,0.009345794392523364,0.21398626473452756
BERT,DESIGNER_JD8,DESIGNER,10,0.1,0.009345794392523364,0.13886244387355454
BERT,DESIGNER_JD9,DESIGNER,5,0.6,0.028037383177570093,0.7227265726449519
BERT,DESIGNER_JD9,DESIGNER,10,0.3,0.028037383177570093,0.4690000933206748
BERT,SALES_JD1,SALES,5,0.0,0.0,0.0
BERT,SALES_JD1,SALES,10,0.1,0.008620689655172414,0.07839826897867533
BERT,SALES_JD2,SALES,5,0.0,0.0,0.0
BERT,SALES_JD2,SALES,10,0.0,0.0,0.0
BERT,SALES_JD3,SALES,5,0.2,0.008620689655172414,0.21398626473452756
BERT,SALES_JD3,SALES,10,0.2,0.017241379310344827,0.21726071285222986
BERT,SALES_JD4,SALES,5,0.0,0.0,0.0
BERT,SALES_JD4,SALES,10,0.2,0.017241379310344827,0.12987501165334076
BERT,SALES_JD5,SALES,5,0.0,0.0,0.0
BERT,SALES_JD5,SALES,10,0.0,0.0,0.0
BERT,SALES_JD6,SALES,5,0.0,0.0,0.0
BERT,SALES_JD6,SALES,10,0.0,0.0,0.0
BERT,SALES_JD7,SALES,5,0.0,0.0,0.0
BERT,SALES_JD7,SALES,10,0.0,0.0,0.0
BERT,SALES_JD8,SALES,5,0.4,0.017241379310344827,0.3156484524795145
BERT,SALES_JD8,SALES,10,0.3,0.02586206896551724,0.2684550357175426
BERT,SALES_JD9,SALES,5,0.2,0.008620689655172414,0.16958010263680806
BERT,SALES_JD9,SALES,10,0.2,0.017241379310344827,0.1884441521277154
BERT,FINANCE_JD1,FINANCE,5,0.2,0.00847457627118644,0.21398626473452756
BERT,FINANCE_JD1,FINANCE,10,0.3,0.025423728813559324,0.27191445400928355
BERT,FINANCE_JD2,FINANCE,5,0.2,0.00847457627118644,0.21398626473452756
BERT,FINANCE_JD2,FINANCE,10,0.2,0.01694915254237288,0.2082936658103318
BERT,FINANCE_JD3,FINANCE,5,0.2,0.00847457627118644,0.21398626473452756
BERT,FINANCE_JD3,FINANCE,10,0.1,0.00847457627118644,0.13886244387355454
BERT,FINANCE_JD4,FINANCE,5,0.6,0.025423728813559324,0.6992148198508501
BERT,FINANCE_JD4,FINANCE,10,0.6,0.05084745762711865,0.6569815082938864
BERT,FINANCE_JD5,FINANCE,5,0.2,0.00847457627118644,0.14606834984270645
BERT,FINANCE_JD5,FINANCE,10,0.3,0.025423728813559324,0.24655055544758614
BERT,FINANCE_JD6,FINANCE,5,0.4,0.01694915254237288,0.5087403079104241
BERT,FINANCE_JD6,FINANCE,10,0.2,0.01694915254237288,0.33013764944712026
BERT,FINANCE_JD7,FINANCE,5,0.8,0.03389830508474576,0.7860137352654724
BERT,FINANCE_JD7,FINANCE,10,0.8,0.06779661016949153,0.7917063341896681
BERT,FINANCE_JD8,FINANCE,5,0.8,0.03389830508474576,0.7860137352654724
BERT,FINANCE_JD8,FINANCE,10,0.7,0.059322033898305086,0.7191184989488184
BERT,FINANCE_JD9,FINANCE,5,0.2,0.00847457627118644,0.3391602052736161
BERT,FINANCE_JD9,FINANCE,10,0.2,0.01694915254237288,0.2984900352767555
BERT,FINANCE_JD10,FINANCE,5,0.6,0.025423728813559324,0.6843515475204855
BERT,FINANCE_JD10,FINANCE,10,0.6,0.05084745762711865,0.6505132600483449
BERT,BANKING_JD1,BANKING,5,0.2,0.008695652173913044,0.21398626473452756
BERT,BANKING_JD1,BANKING,10,0.2,0.017391304347826087,0.2082936658103318
BERT,BANKING_JD2,BANKING,5,0.6,0.02608695652173913,0.5296347172140421
BERT,BANKING_JD2,BANKING,10,0.4,0.034782608695652174,0.40995091484653445
BERT,BANKING_JD3,BANKING,5,0.2,0.008695652173913044,0.14606834984270645
BERT,BANKING_JD3,BANKING,10,0.5,0.043478260869565216,0.3764255671009269
BERT,HEALTHCARE_JD1,HEALTHCARE,5,0.4,0.017391304347826087,0.5531464700081437
BERT,HEALTHCARE_JD1,HEALTHCARE,10,0.4,0.034782608695652174,0.4959389204699464
BERT,HEALTHCARE_JD2,HEALTHCARE,5,0.4,0.017391304347826087,0.5531464700081437
BERT,HEALTHCARE_JD2,HEALTHCARE,10,0.3,0.02608695652173913,0.43735247915031
BERT,HEALTHCARE_JD3,HEALTHCARE,5,0.2,0.008695652173913044,0.3391602052736161
BERT,HEALTHCARE_JD3,HEALTHCARE,10,0.4,0.034782608695652174,0.4341754806679218
BERT,ENGINEERING_JD1,ENGINEERING,5,0.2,0.00847457627118644,0.21398626473452756
BERT,ENGINEERING_JD1,ENGINEERING,10,0.2,0.01694915254237288,0.2082936658103318
BERT,ENGINEERING_JD2,ENGINEERING,5,0.4,0.01694915254237288,0.48522855511632257
BERT,ENGINEERING_JD2,ENGINEERING,10,0.5,0.0423728813559322,0.5360735436824436
BERT,ENGINEERING_JD3,ENGINEERING,5,1.0,0.0423728813559322,1.0
BERT,ENGINEERING_JD3,ENGINEERING,10,0.8,0.06779661016949153,0.866947989864271
BERT,ENGINEERING_JD4,ENGINEERING,5,0.2,0.00847457627118644,0.13120507751234178
BERT,ENGINEERING_JD4,ENGINEERING,10,0.2,0.01694915254237288,0.15850703974098102
BERT,ENGINEERING_JD5,ENGINEERING,5,0.2,0.00847457627118644,0.16958010263680806
BERT,ENGINEERING_JD5,ENGINEERING,10,0.3,0.025423728813559324,0.2618080742270754
BERT,ENGINEERING_JD6,ENGINEERING,5,0.4,0.01694915254237288,0.5087403079104241
BERT,ENGINEERING_JD6,ENGINEERING,10,0.5,0.0423728813559322,0.5384109300791362
BERT,ENGINEERING_JD7,ENGINEERING,5,0.2,0.00847457627118644,0.21398626473452756
BERT,ENGINEERING_JD7,ENGINEERING,10,0.2,0.01694915254237288,0.2051166673279436
BERT,ENGINEERING_JD8,ENGINEERING,5,0.6,0.025423728813559324,0.6548086577531307
BERT,ENGINEERING_JD8,ENGINEERING,10,0.3,0.025423728813559324,0.424926013816671
BERT,ENGINEERING_JD9,ENGINEERING,5,0.2,0.00847457627118644,0.3391602052736161
BERT,ENGINEERING_JD9,ENGINEERING,10,0.3,0.025423728813559324,0.35970991185182927
BERT,ENGINEERING_JD10,ENGINEERING,5,0.8,0.03389830508474576,0.830419897363192
BERT,ENGINEERING_JD10,ENGINEERING,10,0.5,0.0423728813559322,0.6051399156371955
BERT,ACCOUNTANT_JD1,ACCOUNTANT,5,0.2,0.00847457627118644,0.13120507751234178
BERT,ACCOUNTANT_JD1,ACCOUNTANT,10,0.3,0.025423728813559324,0.22979561007468535
BERT,ACCOUNTANT_JD2,ACCOUNTANT,5,0.2,0.00847457627118644,0.14606834984270645
BERT,ACCOUNTANT_JD2,ACCOUNTANT,10,0.1,0.00847457627118644,0.09478836436955078
BERT,ACCOUNTANT_JD3,ACCOUNTANT,5,0.0,0.0,0.0
BERT,ACCOUNTANT_JD3,ACCOUNTANT,10,0.1,0.00847457627118644,0.07839826897867533
BERT,DIGITAL-MEDIA_JD1,DIGITAL-MEDIA,5,0.6,0.03125,0.4912596920895758
BERT,DIGITAL-MEDIA_JD1,DIGITAL-MEDIA,10,0.6,0.0625,0.5270672065167423
BERT,DIGITAL-MEDIA_JD2,DIGITAL-MEDIA,5,0.0,0.0,0.0
BERT,DIGITAL-MEDIA_JD2,DIGITAL-MEDIA,10,0.2,0.020833333333333332,0.13568544539116628
BERT,DIGITAL-MEDIA_JD3,DIGITAL-MEDIA,5,0.4,0.020833333333333332,0.27727342735504823
BERT,DIGITAL-MEDIA_JD3,DIGITAL-MEDIA,10,0.3,0.03125,0.2583297509898471
BERT,DIGITAL-MEDIA_JD4,DIGITAL-MEDIA,5,0.2,0.010416666666666666,0.13120507751234178
BERT,DIGITAL-MEDIA_JD4,DIGITAL-MEDIA,10,0.1,0.010416666666666666,0.08514311764162098
BERT,DIGITAL-MEDIA_JD5,DIGITAL-MEDIA,5,0.0,0.0,0.0
BERT,DIGITAL-MEDIA_JD5,DIGITAL-MEDIA,10,0.1,0.010416666666666666,0.06625422345438903
BERT,DIGITAL-MEDIA_JD6,DIGITAL-MEDIA,5,0.2,0.010416666666666666,0.21398626473452756
BERT,DIGITAL-MEDIA_JD6,DIGITAL-MEDIA,10,0.4,0.041666666666666664,0.3529461582433962
BERT,DIGITAL-MEDIA_JD7,DIGITAL-MEDIA,5,0.2,0.010416666666666666,0.14606834984270645
BERT,DIGITAL-MEDIA_JD7,DIGITAL-MEDIA,10,0.3,0.03125,0.2426178552850034
BERT,DIGITAL-MEDIA_JD8,DIGITAL-MEDIA,5,0.0,0.0,0.0
BERT,DIGITAL-MEDIA_JD8,DIGITAL-MEDIA,10,0.1,0.010416666666666666,0.06362078819895171
BERT,DIGITAL-MEDIA_JD9,DIGITAL-MEDIA,5,0.4,0.020833333333333332,0.36005461457723403
BERT,DIGITAL-MEDIA_JD9,DIGITAL-MEDIA,10,0.3,0.03125,0.29727159644205703
BERT,CONSULTANT_JD1,CONSULTANT,5,0.0,0.0,0.0
BERT,CONSULTANT_JD1,CONSULTANT,10,0.0,0.0,0.0
BERT,CONSULTANT_JD2,CONSULTANT,5,0.4,0.017391304347826087,0.36005461457723403
BERT,CONSULTANT_JD2,CONSULTANT,10,0.4,0.034782608695652174,0.38148029915855786
BERT,CONSULTANT_JD3,CONSULTANT,5,0.0,0.0,0.0
BERT,CONSULTANT_JD3,CONSULTANT,10,0.1,0.008695652173913044,0.06362078819895171
BERT,CONSULTANT_JD4,CONSULTANT,5,0.0,0.0,0.0
BERT,CONSULTANT_JD4,CONSULTANT,10,0.0,0.0,0.0
BERT,CONSULTANT_JD5,CONSULTANT,5,0.0,0.0,0.0
BERT,CONSULTANT_JD5,CONSULTANT,10,0.1,0.008695652173913044,0.06362078819895171
BERT,CONSULTANT_JD6,CONSULTANT,5,0.2,0.008695652173913044,0.3391602052736161
BERT,CONSULTANT_JD6,CONSULTANT,10,0.2,0.017391304347826087,0.28371255449703187
BERT,CONSULTANT_JD7,CONSULTANT,5,0.2,0.008695652173913044,0.13120507751234178
BERT,CONSULTANT_JD7,CONSULTANT,10,0.1,0.008695652173913044,0.08514311764162098
BERT,CONSULTANT_JD8,CONSULTANT,5,0.0,0.0,0.0
BERT,CONSULTANT_JD8,CONSULTANT,10,0.0,0.0,0.0
BERT,CONSULTANT_JD9,CONSULTANT,5,0.2,0.008695652173913044,0.21398626473452756
BERT,CONSULTANT_JD9,CONSULTANT,10,0.1,0.008695652173913044,0.13886244387355454
BERT,TEACHER_JD1,TEACHER,5,1.0,0.049019607843137254,1.0
BERT,TEACHER_JD1,TEACHER,10,1.0,0.09803921568627451,1.0
BERT,TEACHER_JD2,TEACHER,5,1.0,0.049019607843137254,1.0
BERT,TEACHER_JD2,TEACHER,10,0.7,0.06862745098039216,0.793584067764911
BERT,TEACHER_JD3,TEACHER,5,0.4,0.0196078431372549,0.3156484524795145
BERT,TEACHER_JD3,TEACHER,10,0.2,0.0196078431372549,0.20483424751859086
BERT,ADVOCATE_JD1,ADVOCATE,5,0.0,0.0,0.0
BERT,ADVOCATE_JD1,ADVOCATE,10,0.0,0.0,0.0
BERT,ADVOCATE_JD2,ADVOCATE,5,0.0,0.0,0.0
BERT,ADVOCATE_JD2,ADVOCATE,10,0.0,0.0,0.0
BERT,ADVOCATE_JD3,ADVOCATE,5,0.0,0.0,0.0
BERT,ADVOCATE_JD3,ADVOCATE,10,0.0,0.0,0.0
BERT,ADVOCATE_JD4,ADVOCATE,5,0.2,0.00847457627118644,0.13120507751234178
BERT,ADVOCATE_JD4,ADVOCATE,10,0.1,0.00847457627118644,0.08514311764162098
BERT,ADVOCATE_JD5,ADVOCATE,5,0.2,0.00847457627118644,0.14606834984270645
BERT,ADVOCATE_JD5,ADVOCATE,10,0.2,0.01694915254237288,0.1584091525685025
BERT,ADVOCATE_JD6,ADVOCATE,5,0.0,0.0,0.0
BERT,ADVOCATE_JD6,ADVOCATE,10,0.0,0.0,0.0
BERT,ADVOCATE_JD7,ADVOCATE,5,0.0,0.0,0.0
BERT,ADVOCATE_JD7,ADVOCATE,10,0.0,0.0,0.0
BERT,ADVOCATE_JD8,ADVOCATE,5,0.0,0.0,0.0
BERT,ADVOCATE_JD8,ADVOCATE,10,0.0,0.0,0.0
BERT,ADVOCATE_JD9,ADVOCATE,5,0.0,0.0,0.0
BERT,ADVOCATE_JD9,ADVOCATE,10,0.1,0.00847457627118644,0.07336392209936005
BERT,ADVOCATE_JD10,ADVOCATE,5,0.0,0.0,0.0
BERT,ADVOCATE_JD10,ADVOCATE,10,0.0,0.0,0.0
BERT,ARTS_JD1,ARTS,5,0.0,0.0,0.0
BERT,ARTS_JD1,ARTS,10,0.1,0.009708737864077669,0.07336392209936005
BERT,ARTS_JD2,ARTS,5,0.2,0.009708737864077669,0.13120507751234178
BERT,ARTS_JD2,ARTS,10,0.1,0.009708737864077669,0.08514311764162098
BERT,ARTS_JD3,ARTS,5,0.0,0.0,0.0
BERT,ARTS_JD3,ARTS,10,0.0,0.0,0.0
BERT,BUSINESS-DEVELOPMENT_JD1,BUSINESS-DEVELOPMENT,5,0.0,0.0,0.0
BERT,BUSINESS-DEVELOPMENT_JD1,BUSINESS-DEVELOPMENT,10,0.0,0.0,0.0
BERT,BUSINESS-DEVELOPMENT_JD2,BUSINESS-DEVELOPMENT,5,0.0,0.0,0.0
BERT,BUSINESS-DEVELOPMENT_JD2,BUSINESS-DEVELOPMENT,10,0.0,0.0,0.0
BERT,BUSINESS-DEVELOPMENT_JD3,BUSINESS-DEVELOPMENT,5,0.4,0.01680672268907563,0.5087403079104241
BERT,BUSINESS-DEVELOPMENT_JD3,BUSINESS-DEVELOPMENT,10,0.3,0.025210084033613446,0.40853591842579556
BERT,AGRICULTURE_JD1,AGRICULTURE,5,0.0,0.0,0.0
BERT,AGRICULTURE_JD1,AGRICULTURE,10,0.0,0.0,0.0
BERT,AGRICULTURE_JD2,AGRICULTURE,5,0.0,0.0,0.0
BERT,AGRICULTURE_JD2,AGRICULTURE,10,0.0,0.0,0.0
BERT,AGRICULTURE_JD3,AGRICULTURE,5,0.0,0.0,0.0
BERT,AGRICULTURE_JD3,AGRICULTURE,10,0.0,0.0,0.0
BERT,AGRICULTURE_JD4,AGRICULTURE,5,0.0,0.0,0.0
BERT,AGRICULTURE_JD4,AGRICULTURE,10,0.0,0.0,0.0
BERT,AGRICULTURE_JD5,AGRICULTURE,5,0.0,0.0,0.0
BERT,AGRICULTURE_JD5,AGRICULTURE,10,0.1,0.015873015873015872,0.06625422345438903
BERT,AGRICULTURE_JD6,AGRICULTURE,5,0.0,0.0,0.0
BERT,AGRICULTURE_JD6,AGRICULTURE,10,0.0,0.0,0.0
BERT,AGRICULTURE_JD7,AGRICULTURE,5,0.2,0.015873015873015872,0.21398626473452756
BERT,AGRICULTURE_JD7,AGRICULTURE,10,0.1,0.015873015873015872,0.13886244387355454
BERT,AGRICULTURE_JD8,AGRICULTURE,5,0.0,0.0,0.0
BERT,AGRICULTURE_JD8,AGRICULTURE,10,0.1,0.015873015873015872,0.06625422345438903
BERT,APPAREL_JD1,APPAREL,5,0.4,0.020618556701030927,0.48522855511632257
BERT,APPAREL_JD1,APPAREL,10,0.3,0.030927835051546393,0.3843113526044082
BERT,APPAREL_JD2,APPAREL,5,0.0,0.0,0.0
BERT,APPAREL_JD2,APPAREL,10,0.0,0.0,0.0
BERT,APPAREL_JD3,APPAREL,5,0.4,0.020618556701030927,0.3156484524795145
BERT,APPAREL_JD3,APPAREL,10,0.4,0.041237113402061855,0.3476293915547282
BERT,APPAREL_JD4,APPAREL,5,0.2,0.010309278350515464,0.16958010263680806
BERT,APPAREL_JD4,APPAREL,10,0.1,0.010309278350515464,0.11004588314904008
BERT,APPAREL_JD5,APPAREL,5,0.2,0.010309278350515464,0.14606834984270645
BERT,APPAREL_JD5,APPAREL,10,0.2,0.020618556701030927,0.1584091525685025
BERT,APPAREL_JD6,APPAREL,5,0.0,0.0,0.0
BERT,APPAREL_JD6,APPAREL,10,0.1,0.010309278350515464,0.07839826897867533
BERT,APPAREL_JD7,APPAREL,5,0.2,0.010309278350515464,0.16958010263680806
BERT,APPAREL_JD7,APPAREL,10,0.1,0.010309278350515464,0.11004588314904008
BERT,APPAREL_JD8,APPAREL,5,0.0,0.0,0.0
BERT,APPAREL_JD8,APPAREL,10,0.0,0.0,0.0
BERT,CONSTRUCTION_JD1,CONSTRUCTION,5,0.2,0.008928571428571428,0.3391602052736161
BERT,CONSTRUCTION_JD1,CONSTRUCTION,10,0.2,0.017857142857142856,0.2863459897524692
BERT,CONSTRUCTION_JD2,CONSTRUCTION,5,0.2,0.008928571428571428,0.14606834984270645
BERT,CONSTRUCTION_JD2,CONSTRUCTION,10,0.2,0.017857142857142856,0.16421958630632802
BERT,CONSTRUCTION_JD3,CONSTRUCTION,5,0.0,0.0,0.0
BERT,CONSTRUCTION_JD3,CONSTRUCTION,10,0.0,0.0,0.0
BERT,PUBLIC-RELATIONS_JD1,PUBLIC-RELATIONS,5,0.0,0.0,0.0
BERT,PUBLIC-RELATIONS_JD1,PUBLIC-RELATIONS,10,0.0,0.0,0.0
BERT,PUBLIC-RELATIONS_JD2,PUBLIC-RELATIONS,5,0.0,0.0,0.0
BERT,PUBLIC-RELATIONS_JD2,PUBLIC-RELATIONS,10,0.1,0.009009009009009009,0.06362078819895171
BERT,PUBLIC-RELATIONS_JD3,PUBLIC-RELATIONS,5,0.0,0.0,0.0
BERT,PUBLIC-RELATIONS_JD3,PUBLIC-RELATIONS,10,0.0,0.0,0.0
BERT,PUBLIC-RELATIONS_JD4,PUBLIC-RELATIONS,5,0.0,0.0,0.0
BERT,PUBLIC-RELATIONS_JD4,PUBLIC-RELATIONS,10,0.0,0.0,0.0
BERT,PUBLIC-RELATIONS_JD5,PUBLIC-RELATIONS,5,0.0,0.0,0.0
BERT,PUBLIC-RELATIONS_JD5,PUBLIC-RELATIONS,10,0.1,0.009009009009009009,0.06943122193677727
BERT,PUBLIC-RELATIONS_JD6,PUBLIC-RELATIONS,5,0.0,0.0,0.0
BERT,PUBLIC-RELATIONS_JD6,PUBLIC-RELATIONS,10,0.0,0.0,0.0
BERT,PUBLIC-RELATIONS_JD7,PUBLIC-RELATIONS,5,0.0,0.0,0.0
BERT,PUBLIC-RELATIONS_JD7,PUBLIC-RELATIONS,10,0.0,0.0,0.0
BERT,PUBLIC-RELATIONS_JD8,PUBLIC-RELATIONS,5,0.2,0.009009009009009009,0.13120507751234178
BERT,PUBLIC-RELATIONS_JD8,PUBLIC-RELATIONS,10,0.3,0.02702702702702703,0.21501812929496175
BERT,PUBLIC-RELATIONS_JD9,PUBLIC-RELATIONS,5,0.2,0.009009009009009009,0.13120507751234178
BERT,PUBLIC-RELATIONS_JD9,PUBLIC-RELATIONS,10,0.1,0.009009009009009009,0.08514311764162098
BERT,BPO_JD1,BPO,5,0.0,0.0,0.0
BERT,BPO_JD1,BPO,10,0.0,0.0,0.0
BERT,BPO_JD2,BPO,5,0.0,0.0,0.0
BERT,BPO_JD2,BPO,10,0.0,0.0,0.0
BERT,BPO_JD3,BPO,5,0.0,0.0,0.0
BERT,BPO_JD3,BPO,10,0.0,0.0,0.0
BERT,BPO_JD4,BPO,5,0.0,0.0,0.0
BERT,BPO_JD4,BPO,10,0.0,0.0,0.0
BERT,BPO_JD5,BPO,5,0.0,0.0,0.0
BERT,BPO_JD5,BPO,10,0.0,0.0,0.0
BERT,BPO_JD6,BPO,5,0.0,0.0,0.0
BERT,BPO_JD6,BPO,10,0.0,0.0,0.0
TFIDF,HR_JD1,HR,5,0.6,0.02727272727272727,0.639945385422766
TFIDF,HR_JD1,HR,10,0.5,0.045454545454545456,0.5599332595218056
TFIDF,HR_JD2,HR,5,0.2,0.00909090909090909,0.3391602052736161
TFIDF,HR_JD2,HR,10,0.2,0.01818181818181818,0.28952298823485745
TFIDF,HR_JD3,HR,5,0.8,0.03636363636363636,0.7860137352654724
TFIDF,HR_JD3,HR,10,0.6,0.05454545454545454,0.6399441431116327
TFIDF,HR_JD4,HR,5,0.6,0.02727272727272727,0.4468535299918563
TFIDF,HR_JD4,HR,10,0.6,0.05454545454545454,0.4892835987503298
TFIDF,HR_JD5,HR,5,1.0,0.045454545454545456,1.0
TFIDF,HR_JD5,HR,10,1.0,0.09090909090909091,1.0
TFIDF,HR_JD6,HR,5,1.0,0.045454545454545456,1.0
TFIDF,HR_JD6,HR,10,1.0,0.09090909090909091,1.0
TFIDF,HR_JD7,HR,5,1.0,0.045454545454545456,1.0
TFIDF,HR_JD7,HR,10,1.0,0.09090909090909091,1.0
TFIDF,HR_JD8,HR,5,1.0,0.045454545454545456,1.0
TFIDF,HR_JD8,HR,10,1.0,0.09090909090909091,1.0
TFIDF,HR_JD9,HR,5,0.6,0.02727272727272727,0.5296347172140421
TFIDF,HR_JD9,HR,10,0.8,0.07272727272727272,0.6947651160602989
TFIDF,INFORMATION-TECHNOLOGY_JD1,INFORMATION-TECHNOLOGY,5,0.0,0.0,0.0
TFIDF,INFORMATION-TECHNOLOGY_JD1,INFORMATION-TECHNOLOGY,10,0.3,0.025,0.20827328063201608
TFIDF,INFORMATION-TECHNOLOGY_JD2,INFORMATION-TECHNOLOGY,5,0.4,0.016666666666666666,0.5531464700081437
TFIDF,INFORMATION-TECHNOLOGY_JD2,INFORMATION-TECHNOLOGY,10,0.6,0.05,0.636658712740428
TFIDF,INFORMATION-TECHNOLOGY_JD3,INFORMATION-TECHNOLOGY,5,0.2,0.008333333333333333,0.21398626473452756
TFIDF,INFORMATION-TECHNOLOGY_JD3,INFORMATION-TECHNOLOGY,10,0.5,0.041666666666666664,0.42367664508731884
TFIDF,INFORMATION-TECHNOLOGY_JD4,INFORMATION-TECHNOLOGY,5,0.8,0.03333333333333333,0.8539316501572937
TFIDF,INFORMATION-TECHNOLOGY_JD4,INFORMATION-TECHNOLOGY,10,0.5,0.041666666666666664,0.6235744328990731
TFIDF,INFORMATION-TECHNOLOGY_JD5,INFORMATION-TECHNOLOGY,5,0.6,0.025,0.6843515475204855
TFIDF,INFORMATION-TECHNOLOGY_JD5,INFORMATION-TECHNOLOGY,10,0.7,0.058333333333333334,0.7167674835027339
TFIDF,INFORMATION-TECHNOLOGY_JD6,INFORMATION-TECHNOLOGY,5,0.0,0.0,0.0
TFIDF,INFORMATION-TECHNOLOGY_JD6,INFORMATION-TECHNOLOGY,10,0.1,0.008333333333333333,0.06943122193677727
TFIDF,INFORMATION-TECHNOLOGY_JD7,INFORMATION-TECHNOLOGY,5,0.4,0.016666666666666666,0.36005461457723403
TFIDF,INFORMATION-TECHNOLOGY_JD7,INFORMATION-TECHNOLOGY,10,0.3,0.025,0.30701473034246535
TFIDF,INFORMATION-TECHNOLOGY_JD8,INFORMATION-TECHNOLOGY,5,0.6,0.025,0.6992148198508501
TFIDF,INFORMATION-TECHNOLOGY_JD8,INFORMATION-TECHNOLOGY,10,0.6,0.05,0.6651928536555899
TFIDF,INFORMATION-TECHNOLOGY_JD9,INFORMATION-TECHNOLOGY,5,0.8,0.03333333333333333,0.8539316501572937
TFIDF,INFORMATION-TECHNOLOGY_JD9,INFORMATION-TECHNOLOGY,10,0.6,0.05,0.696162268139923
TFIDF,INFORMATION-TECHNOLOGY_JD10,INFORMATION-TECHNOLOGY,5,1.0,0.041666666666666664,1.0
TFIDF,INFORMATION-TECHNOLOGY_JD10,INFORMATION-TECHNOLOGY,10,0.7,0.058333333333333334,0.800693766409882
TFIDF,DESIGNER_JD1,DESIGNER,5,0.6,0.028037383177570093,0.6992148198508501
TFIDF,DESIGNER_JD1,DESIGNER,10,0.7,0.06542056074766354,0.7411902110103873
TFIDF,DESIGNER_JD2,DESIGNER,5,0.8,0.037383177570093455,0.8687949224876582
TFIDF,DESIGNER_JD2,DESIGNER,10,0.6,0.056074766355140186,0.6936634693435663
TFIDF,DESIGNER_JD3,DESIGNER,5,0.4,0.018691588785046728,0.5531464700081437
TFIDF,DESIGNER_JD3,DESIGNER,10,0.5,0.04672897196261682,0.5704044892860389
TFIDF,DESIGNER_JD4,DESIGNER,5,0.8,0.037383177570093455,0.8687949224876582
TFIDF,DESIGNER_JD4,DESIGNER,10,0.5,0.04672897196261682,0.6332196796270029
TFIDF,DESIGNER_JD5,DESIGNER,5,0.6,0.028037383177570093,0.6843515475204855
TFIDF,DESIGNER_JD5,DESIGNER,10,0.7,0.06542056074766354,0.7167674835027339
TFIDF,DESIGNER_JD6,DESIGNER,5,0.6,0.028037383177570093,0.639945385422766
TFIDF,DESIGNER_JD6,DESIGNER,10,0.6,0.056074766355140186,0.6243301345792677
TFIDF,DESIGNER_JD7,DESIGNER,5,0.8,0.037383177570093455,0.8687949224876582
TFIDF,DESIGNER_JD7,DESIGNER,10,0.6,0.056074766355140186,0.7007731679885374
TFIDF,DESIGNER_JD8,DESIGNER,5,0.4,0.018691588785046728,0.5531464700081437
TFIDF,DESIGNER_JD8,DESIGNER,10,0.4,0.037383177570093455,0.501749354207772
TFIDF,DESIGNER_JD9,DESIGNER,5,0.8,0.037383177570093455,0.6608397947263839
TFIDF,DESIGNER_JD9,DESIGNER,10,0.8,0.07476635514018691,0.7104770117651426
TFIDF,SALES_JD1,SALES,5,0.2,0.008620689655172414,0.13120507751234178
TFIDF,SALES_JD1,SALES,10,0.1,0.008620689655172414,0.08514311764162098
TFIDF,SALES_JD2,SALES,5,0.2,0.008620689655172414,0.14606834984270645
TFIDF,SALES_JD2,SALES,10,0.2,0.017241379310344827,0.16421958630632802
TFIDF,SALES_JD3,SALES,5,0.8,0.034482758620689655,0.6608397947263839
TFIDF,SALES_JD3,SALES,10,0.6,0.05172413793103448,0.5708588662113935
TFIDF,SALES_JD4,SALES,5,0.0,0.0,0.0
TFIDF,SALES_JD4,SALES,10,0.2,0.017241379310344827,0.12987501165334076
TFIDF,SALES_JD5,SALES,5,0.6,0.02586206896551724,0.6164336326286644
TFIDF,SALES_JD5,SALES,10,0.4,0.034482758620689655,0.4636440365082036
TFIDF,SALES_JD6,SALES,5,0.0,0.0,0.0
TFIDF,SALES_JD6,SALES,10,0.0,0.0,0.0
TFIDF,SALES_JD7,SALES,5,0.0,0.0,0.0
TFIDF,SALES_JD7,SALES,10,0.0,0.0,0.0
TFIDF,SALES_JD8,SALES,5,0.8,0.034482758620689655,0.8539316501572937
TFIDF,SALES_JD8,SALES,10,0.7,0.0603448275862069,0.7721596254947203
TFIDF,SALES_JD9,SALES,5,0.2,0.008620689655172414,0.3391602052736161
TFIDF,SALES_JD9,SALES,10,0.4,0.034482758620689655,0.42333070005078094
TFIDF,FINANCE_JD1,FINANCE,5,0.0,0.0,0.0
TFIDF,FINANCE_JD1,FINANCE,10,0.1,0.00847457627118644,0.07839826897867533
TFIDF,FINANCE_JD2,FINANCE,5,0.2,0.00847457627118644,0.13120507751234178
TFIDF,FINANCE_JD2,FINANCE,10,0.1,0.00847457627118644,0.08514311764162098
TFIDF,FINANCE_JD3,FINANCE,5,0.2,0.00847457627118644,0.16958010263680806
TFIDF,FINANCE_JD3,FINANCE,10,0.2,0.01694915254237288,0.1736666713479918
TFIDF,FINANCE_JD4,FINANCE,5,0.6,0.025423728813559324,0.4468535299918563
TFIDF,FINANCE_JD4,FINANCE,10,0.7,0.059322033898305086,0.5747915663739762
TFIDF,FINANCE_JD5,FINANCE,5,0.0,0.0,0.0
TFIDF,FINANCE_JD5,FINANCE,10,0.5,0.0423728813559322,0.3510684246681534
TFIDF,FINANCE_JD6,FINANCE,5,0.0,0.0,0.0
TFIDF,FINANCE_JD6,FINANCE,10,0.1,0.00847457627118644,0.07336392209936005
TFIDF,FINANCE_JD7,FINANCE,5,0.4,0.01694915254237288,0.38356636737133565
TFIDF,FINANCE_JD7,FINANCE,10,0.3,0.025423728813559324,0.3222722491219547
TFIDF,FINANCE_JD8,FINANCE,5,0.4,0.01694915254237288,0.38356636737133565
TFIDF,FINANCE_JD8,FINANCE,10,0.4,0.03389830508474576,0.39673781793804724
TFIDF,FINANCE_JD9,FINANCE,5,0.0,0.0,0.0
TFIDF,FINANCE_JD9,FINANCE,10,0.3,0.025423728813559324,0.2114502791144043
TFIDF,FINANCE_JD10,FINANCE,5,0.6,0.025423728813559324,0.4912596920895758
TFIDF,FINANCE_JD10,FINANCE,10,0.7,0.059322033898305086,0.606241562353928
TFIDF,BANKING_JD1,BANKING,5,0.4,0.017391304347826087,0.48522855511632257
TFIDF,BANKING_JD1,BANKING,10,0.2,0.017391304347826087,0.31488013066763093
TFIDF,BANKING_JD2,BANKING,5,0.4,0.017391304347826087,0.36005461457723403
TFIDF,BANKING_JD2,BANKING,10,0.4,0.034782608695652174,0.36670281837883434
TFIDF,BANKING_JD3,BANKING,5,0.4,0.017391304347826087,0.4703652827859579
TFIDF,BANKING_JD3,BANKING,10,0.5,0.043478260869565216,0.5264282969545138
TFIDF,HEALTHCARE_JD1,HEALTHCARE,5,0.6,0.02608695652173913,0.6992148198508501
TFIDF,HEALTHCARE_JD1,HEALTHCARE,10,0.6,0.05217391304347826,0.6651928536555899
TFIDF,HEALTHCARE_JD2,HEALTHCARE,5,0.6,0.02608695652173913,0.4912596920895758
TFIDF,HEALTHCARE_JD2,HEALTHCARE,10,0.5,0.043478260869565216,0.4634464183177906
TFIDF,HEALTHCARE_JD3,HEALTHCARE,5,0.4,0.017391304347826087,0.5087403079104241
TFIDF,HEALTHCARE_JD3,HEALTHCARE,10,0.4,0.034782608695652174,0.4631896595828492
TFIDF,ENGINEERING_JD1,ENGINEERING,5,0.6,0.025423728813559324,0.5296347172140421
TFIDF,ENGINEERING_JD1,ENGINEERING,10,0.7,0.059322033898305086,0.6285108926059098
TFIDF,ENGINEERING_JD2,ENGINEERING,5,0.2,0.00847457627118644,0.21398626473452756
TFIDF,ENGINEERING_JD2,ENGINEERING,10,0.2,0.01694915254237288,0.21726071285222986
TFIDF,ENGINEERING_JD3,ENGINEERING,5,1.0,0.0423728813559322,1.0
TFIDF,ENGINEERING_JD3,ENGINEERING,10,1.0,0.0847457627118644,1.0
TFIDF,ENGINEERING_JD4,ENGINEERING,5,0.4,0.01694915254237288,0.3156484524795145
TFIDF,ENGINEERING_JD4,ENGINEERING,10,0.2,0.01694915254237288,0.20483424751859086
TFIDF,ENGINEERING_JD5,ENGINEERING,5,1.0,0.0423728813559322,1.0
TFIDF,ENGINEERING_JD5,ENGINEERING,10,0.7,0.059322033898305086,0.7885497208855957
TFIDF,ENGINEERING_JD6,ENGINEERING,5,0.4,0.01694915254237288,0.4703652827859579
TFIDF,ENGINEERING_JD6,ENGINEERING,10,0.5,0.0423728813559322,0.5264282969545138
TFIDF,ENGINEERING_JD7,ENGINEERING,5,0.0,0.0,0.0
TFIDF,ENGINEERING_JD7,ENGINEERING,10,0.3,0.025423728813559324,0.20641593223508903
TFIDF,ENGINEERING_JD8,ENGINEERING,5,0.8,0.03389830508474576,0.8687949224876582
TFIDF,ENGINEERING_JD8,ENGINEERING,10,0.8,0.06779661016949153,0.84860265890399
TFIDF,ENGINEERING_JD9,ENGINEERING,5,0.8,0.03389830508474576,0.6608397947263839
TFIDF,ENGINEERING_JD9,ENGINEERING,10,0.6,0.05084745762711865,0.576669299949219
TFIDF,ENGINEERING_JD10,ENGINEERING,5,1.0,0.0423728813559322,1.0
TFIDF,ENGINEERING_JD10,ENGINEERING,10,0.9,0.07627118644067797,0.9363792118010483
TFIDF,ACCOUNTANT_JD1,ACCOUNTANT,5,0.4,0.01694915254237288,0.36005461457723403
TFIDF,ACCOUNTANT_JD1,ACCOUNTANT,10,0.4,0.03389830508474576,0.3783033006761697
TFIDF,ACCOUNTANT_JD2,ACCOUNTANT,5,0.6,0.025423728813559324,0.5296347172140421
TFIDF,ACCOUNTANT_JD2,ACCOUNTANT,10,0.4,0.03389830508474576,0.4131279133289227
TFIDF,ACCOUNTANT_JD3,ACCOUNTANT,5,0.4,0.01694915254237288,0.36005461457723403
TFIDF,ACCOUNTANT_JD3,ACCOUNTANT,10,0.4,0.03389830508474576,0.3783033006761697
TFIDF,DIGITAL-MEDIA_JD1,DIGITAL-MEDIA,5,0.8,0.041666666666666664,0.6608397947263839
TFIDF,DIGITAL-MEDIA_JD1,DIGITAL-MEDIA,10,0.6,0.0625,0.5618918191694954
TFIDF,DIGITAL-MEDIA_JD2,DIGITAL-MEDIA,5,0.8,0.041666666666666664,0.8687949224876582
TFIDF,DIGITAL-MEDIA_JD2,DIGITAL-MEDIA,10,0.8,0.08333333333333333,0.8512360941594274
TFIDF,DIGITAL-MEDIA_JD3,DIGITAL-MEDIA,5,0.6,0.03125,0.5296347172140421
TFIDF,DIGITAL-MEDIA_JD3,DIGITAL-MEDIA,10,0.6,0.0625,0.5501126236272343
TFIDF,DIGITAL-MEDIA_JD4,DIGITAL-MEDIA,5,0.8,0.041666666666666664,0.8539316501572937
TFIDF,DIGITAL-MEDIA_JD4,DIGITAL-MEDIA,10,0.9,0.09375,0.9052116356304493
TFIDF,DIGITAL-MEDIA_JD5,DIGITAL-MEDIA,5,1.0,0.052083333333333336,1.0
TFIDF,DIGITAL-MEDIA_JD5,DIGITAL-MEDIA,10,0.8,0.08333333333333333,0.866947989864271
TFIDF,DIGITAL-MEDIA_JD6,DIGITAL-MEDIA,5,0.6,0.03125,0.5147714448836774
TFIDF,DIGITAL-MEDIA_JD6,DIGITAL-MEDIA,10,0.6,0.0625,0.5404673768993046
TFIDF,DIGITAL-MEDIA_JD7,DIGITAL-MEDIA,5,0.6,0.03125,0.4468535299918563
TFIDF,DIGITAL-MEDIA_JD7,DIGITAL-MEDIA,10,0.7,0.07291666666666667,0.5774250016294136
TFIDF,DIGITAL-MEDIA_JD8,DIGITAL-MEDIA,5,0.8,0.041666666666666664,0.830419897363192
TFIDF,DIGITAL-MEDIA_JD8,DIGITAL-MEDIA,10,0.9,0.09375,0.8899541168509599
TFIDF,DIGITAL-MEDIA_JD9,DIGITAL-MEDIA,5,0.4,0.020833333333333332,0.34519134224686937
TFIDF,DIGITAL-MEDIA_JD9,DIGITAL-MEDIA,10,0.3,0.03125,0.2934367834519528
TFIDF,CONSULTANT_JD1,CONSULTANT,5,0.2,0.008695652173913044,0.3391602052736161
TFIDF,CONSULTANT_JD1,CONSULTANT,10,0.2,0.017391304347826087,0.2984900352767555
TFIDF,CONSULTANT_JD2,CONSULTANT,5,0.0,0.0,0.0
TFIDF,CONSULTANT_JD2,CONSULTANT,10,0.1,0.008695652173913044,0.06943122193677727
TFIDF,CONSULTANT_JD3,CONSULTANT,5,0.4,0.017391304347826087,0.5531464700081437
TFIDF,CONSULTANT_JD3,CONSULTANT,10,0.2,0.017391304347826087,0.3589542101716347
TFIDF,CONSULTANT_JD4,CONSULTANT,5,0.2,0.008695652173913044,0.21398626473452756
TFIDF,CONSULTANT_JD4,CONSULTANT,10,0.1,0.008695652173913044,0.13886244387355454
TFIDF,CONSULTANT_JD5,CONSULTANT,5,0.2,0.008695652173913044,0.3391602052736161
TFIDF,CONSULTANT_JD5,CONSULTANT,10,0.3,0.02608695652173913,0.3531437764338092
TFIDF,CONSULTANT_JD6,CONSULTANT,5,0.2,0.008695652173913044,0.3391602052736161
TFIDF,CONSULTANT_JD6,CONSULTANT,10,0.2,0.017391304347826087,0.2934556883974402
TFIDF,CONSULTANT_JD7,CONSULTANT,5,0.2,0.008695652173913044,0.16958010263680806
TFIDF,CONSULTANT_JD7,CONSULTANT,10,0.2,0.017391304347826087,0.18340980524840012
TFIDF,CONSULTANT_JD8,CONSULTANT,5,0.0,0.0,0.0
TFIDF,CONSULTANT_JD8,CONSULTANT,10,0.0,0.0,0.0
TFIDF,CONSULTANT_JD9,CONSULTANT,5,0.2,0.008695652173913044,0.21398626473452756
TFIDF,CONSULTANT_JD9,CONSULTANT,10,0.1,0.008695652173913044,0.13886244387355454
TFIDF,TEACHER_JD1,TEACHER,5,1.0,0.049019607843137254,1.0
TFIDF,TEACHER_JD1,TEACHER,10,0.8,0.0784313725490196,0.8572048559638628
TFIDF,TEACHER_JD2,TEACHER,5,0.8,0.0392156862745098,0.8539316501572937
TFIDF,TEACHER_JD2,TEACHER,10,0.8,0.0784313725490196,0.8389574121760602
TFIDF,TEACHER_JD3,TEACHER,5,0.2,0.00980392156862745,0.3391602052736161
TFIDF,TEACHER_JD3,TEACHER,10,0.5,0.049019607843137254,0.5049059675118446
TFIDF,ADVOCATE_JD1,ADVOCATE,5,0.2,0.00847457627118644,0.21398626473452756
TFIDF,ADVOCATE_JD1,ADVOCATE,10,0.2,0.01694915254237288,0.2082936658103318
TFIDF,ADVOCATE_JD2,ADVOCATE,5,0.4,0.01694915254237288,0.48522855511632257
TFIDF,ADVOCATE_JD2,ADVOCATE,10,0.2,0.01694915254237288,0.31488013066763093
TFIDF,ADVOCATE_JD3,ADVOCATE,5,0.4,0.01694915254237288,0.3156484524795145
TFIDF,ADVOCATE_JD3,ADVOCATE,10,0.4,0.03389830508474576,0.34948673995165525
TFIDF,ADVOCATE_JD4,ADVOCATE,5,0.0,0.0,0.0
TFIDF,ADVOCATE_JD4,ADVOCATE,10,0.0,0.0,0.0
TFIDF,ADVOCATE_JD5,ADVOCATE,5,0.4,0.01694915254237288,0.38356636737133565
TFIDF,ADVOCATE_JD5,ADVOCATE,10,0.2,0.01694915254237288,0.2489083270225946
TFIDF,ADVOCATE_JD6,ADVOCATE,5,0.0,0.0,0.0
TFIDF,ADVOCATE_JD6,ADVOCATE,10,0.1,0.00847457627118644,0.06943122193677727
TFIDF,ADVOCATE_JD7,ADVOCATE,5,0.4,0.01694915254237288,0.5531464700081437
TFIDF,ADVOCATE_JD7,ADVOCATE,10,0.2,0.01694915254237288,0.3589542101716347
TFIDF,ADVOCATE_JD8,ADVOCATE,5,0.4,0.01694915254237288,0.5087403079104241
TFIDF,ADVOCATE_JD8,ADVOCATE,10,0.3,0.025423728813559324,0.39375843764607193
TFIDF,ADVOCATE_JD9,ADVOCATE,5,0.4,0.01694915254237288,0.5087403079104241
TFIDF,ADVOCATE_JD9,ADVOCATE,10,0.2,0.01694915254237288,0.33013764944712026
TFIDF,ADVOCATE_JD10,ADVOCATE,5,0.2,0.00847457627118644,0.13120507751234178
TFIDF,ADVOCATE_JD10,ADVOCATE,10,0.4,0.03389830508474576,0.284449351231739
TFIDF,ARTS_JD1,ARTS,5,0.8,0.038834951456310676,0.8687949224876582
TFIDF,ARTS_JD1,ARTS,10,0.7,0.06796116504854369,0.77523873680463
TFIDF,ARTS_JD2,ARTS,5,0.0,0.0,0.0
TFIDF,ARTS_JD2,ARTS,10,0.0,0.0,0.0
TFIDF,ARTS_JD3,ARTS,5,0.0,0.0,0.0
TFIDF,ARTS_JD3,ARTS,10,0.1,0.009708737864077669,0.06943122193677727
TFIDF,BUSINESS-DEVELOPMENT_JD1,BUSINESS-DEVELOPMENT,5,0.8,0.03361344537815126,0.8687949224876582
TFIDF,BUSINESS-DEVELOPMENT_JD1,BUSINESS-DEVELOPMENT,10,0.8,0.06722689075630252,0.8454256604216017
TFIDF,BUSINESS-DEVELOPMENT_JD2,BUSINESS-DEVELOPMENT,5,0.6,0.025210084033613446,0.6164336326286644
TFIDF,BUSINESS-DEVELOPMENT_JD2,BUSINESS-DEVELOPMENT,10,0.6,0.05042016806722689,0.6032621820619528
TFIDF,BUSINESS-DEVELOPMENT_JD3,BUSINESS-DEVELOPMENT,5,0.2,0.008403361344537815,0.14606834984270645
TFIDF,BUSINESS-DEVELOPMENT_JD3,BUSINESS-DEVELOPMENT,10,0.3,0.025210084033613446,0.22466337602289155
TFIDF,AGRICULTURE_JD1,AGRICULTURE,5,0.0,0.0,0.0
TFIDF,AGRICULTURE_JD1,AGRICULTURE,10,0.1,0.015873015873015872,0.06625422345438903
TFIDF,AGRICULTURE_JD2,AGRICULTURE,5,0.0,0.0,0.0
TFIDF,AGRICULTURE_JD2,AGRICULTURE,10,0.0,0.0,0.0
TFIDF,AGRICULTURE_JD3,AGRICULTURE,5,0.0,0.0,0.0
TFIDF,AGRICULTURE_JD3,AGRICULTURE,10,0.0,0.0,0.0
TFIDF,AGRICULTURE_JD4,AGRICULTURE,5,0.0,0.0,0.0
TFIDF,AGRICULTURE_JD4,AGRICULTURE,10,0.0,0.0,0.0
TFIDF,AGRICULTURE_JD5,AGRICULTURE,5,0.0,0.0,0.0
TFIDF,AGRICULTURE_JD5,AGRICULTURE,10,0.0,0.0,0.0
TFIDF,AGRICULTURE_JD6,AGRICULTURE,5,0.0,0.0,0.0
TFIDF,AGRICULTURE_JD6,AGRICULTURE,10,0.0,0.0,0.0
TFIDF,AGRICULTURE_JD7,AGRICULTURE,5,0.0,0.0,0.0
TFIDF,AGRICULTURE_JD7,AGRICULTURE,10,0.0,0.0,0.0
TFIDF,AGRICULTURE_JD8,AGRICULTURE,5,0.0,0.0,0.0
TFIDF,AGRICULTURE_JD8,AGRICULTURE,10,0.1,0.015873015873015872,0.06362078819895171
TFIDF,APPAREL_JD1,APPAREL,5,0.0,0.0,0.0
TFIDF,APPAREL_JD1,APPAREL,10,0.2,0.020618556701030927,0.14201905717762703
TFIDF,APPAREL_JD2,APPAREL,5,0.0,0.0,0.0
TFIDF,APPAREL_JD2,APPAREL,10,0.3,0.030927835051546393,0.199306233590118
TFIDF,APPAREL_JD3,APPAREL,5,0.0,0.0,0.0
TFIDF,APPAREL_JD3,APPAREL,10,0.2,0.020618556701030927,0.13305201013572898
TFIDF,APPAREL_JD4,APPAREL,5,0.2,0.010309278350515464,0.3391602052736161
TFIDF,APPAREL_JD4,APPAREL,10,0.2,0.020618556701030927,0.2863459897524692
TFIDF,APPAREL_JD5,APPAREL,5,0.0,0.0,0.0
TFIDF,APPAREL_JD5,APPAREL,10,0.2,0.020618556701030927,0.13305201013572898
TFIDF,APPAREL_JD6,APPAREL,5,0.0,0.0,0.0
TFIDF,APPAREL_JD6,APPAREL,10,0.0,0.0,0.0
TFIDF,APPAREL_JD7,APPAREL,5,0.0,0.0,0.0
TFIDF,APPAREL_JD7,APPAREL,10,0.1,0.010309278350515464,0.06362078819895171
TFIDF,APPAREL_JD8,APPAREL,5,0.4,0.020618556701030927,0.27727342735504823
TFIDF,APPAREL_JD8,APPAREL,10,0.3,0.030927835051546393,0.2583297509898471
TFIDF,CONSTRUCTION_JD1,CONSTRUCTION,5,0.0,0.0,0.0
TFIDF,CONSTRUCTION_JD1,CONSTRUCTION,10,0.0,0.0,0.0
TFIDF,CONSTRUCTION_JD2,CONSTRUCTION,5,1.0,0.044642857142857144,1.0
TFIDF,CONSTRUCTION_JD2,CONSTRUCTION,10,1.0,0.08928571428571429,1.0
TFIDF,CONSTRUCTION_JD3,CONSTRUCTION,5,0.2,0.008928571428571428,0.21398626473452756
TFIDF,CONSTRUCTION_JD3,CONSTRUCTION,10,0.2,0.017857142857142856,0.2051166673279436
TFIDF,PUBLIC-RELATIONS_JD1,PUBLIC-RELATIONS,5,0.0,0.0,0.0
TFIDF,PUBLIC-RELATIONS_JD1,PUBLIC-RELATIONS,10,0.0,0.0,0.0
TFIDF,PUBLIC-RELATIONS_JD2,PUBLIC-RELATIONS,5,0.0,0.0,0.0
TFIDF,PUBLIC-RELATIONS_JD2,PUBLIC-RELATIONS,10,0.0,0.0,0.0
TFIDF,PUBLIC-RELATIONS_JD3,PUBLIC-RELATIONS,5,0.2,0.009009009009009009,0.13120507751234178
TFIDF,PUBLIC-RELATIONS_JD3,PUBLIC-RELATIONS,10,0.2,0.018018018018018018,0.1635413866202963
TFIDF,PUBLIC-RELATIONS_JD4,PUBLIC-RELATIONS,5,0.0,0.0,0.0
TFIDF,PUBLIC-RELATIONS_JD4,PUBLIC-RELATIONS,10,0.0,0.0,0.0
TFIDF,PUBLIC-RELATIONS_JD5,PUBLIC-RELATIONS,5,0.0,0.0,0.0
TFIDF,PUBLIC-RELATIONS_JD5,PUBLIC-RELATIONS,10,0.0,0.0,0.0
TFIDF,PUBLIC-RELATIONS_JD6,PUBLIC-RELATIONS,5,0.2,0.009009009009009009,0.14606834984270645
TFIDF,PUBLIC-RELATIONS_JD6,PUBLIC-RELATIONS,10,0.2,0.018018018018018018,0.1731866333482261
TFIDF,PUBLIC-RELATIONS_JD7,PUBLIC-RELATIONS,5,0.0,0.0,0.0
TFIDF,PUBLIC-RELATIONS_JD7,PUBLIC-RELATIONS,10,0.0,0.0,0.0
TFIDF,PUBLIC-RELATIONS_JD8,PUBLIC-RELATIONS,5,0.0,0.0,0.0
TFIDF,PUBLIC-RELATIONS_JD8,PUBLIC-RELATIONS,10,0.0,0.0,0.0
TFIDF,PUBLIC-RELATIONS_JD9,PUBLIC-RELATIONS,5,0.4,0.018018018018018018,0.3156484524795145
TFIDF,PUBLIC-RELATIONS_JD9,PUBLIC-RELATIONS,10,0.5,0.04504504504504504,0.42021722679557794
TFIDF,BPO_JD1,BPO,5,0.0,0.0,0.0
TFIDF,BPO_JD1,BPO,10,0.0,0.0,0.0
TFIDF,BPO_JD2,BPO,5,0.2,0.045454545454545456,0.3391602052736161
TFIDF,BPO_JD2,BPO,10,0.1,0.045454545454545456,0.22009176629808017
TFIDF,BPO_JD3,BPO,5,0.0,0.0,0.0
TFIDF,BPO_JD3,BPO,10,0.0,0.0,0.0
TFIDF,BPO_JD4,BPO,5,0.0,0.0,0.0
TFIDF,BPO_JD4,BPO,10,0.0,0.0,0.0
TFIDF,BPO_JD5,BPO,5,0.0,0.0,0.0
TFIDF,BPO_JD5,BPO,10,0.0,0.0,0.0
TFIDF,BPO_JD6,BPO,5,0.0,0.0,0.0
TFIDF,BPO_JD6,BPO,10,0.0,0.0,0.0
