Model,Category,JD_Num,K,P@K,NDCG@K,Accuracy
BERT,HR,1,5,0.8,0.8687949224876582,80.0
BERT,HR,1,10,0.8,0.84860265890399,80.0
BERT,HR,2,5,0.4,0.48522855511632257,40.0
BERT,HR,2,10,0.4,0.45186484096594276,40.0
BERT,HR,3,5,0.4,0.27727342735504823,40.0
BERT,HR,3,10,0.3,0.24936270394794902,30.0
BERT,HR,4,5,0.0,0.0,0.0
BERT,HR,4,10,0.0,0.0,0.0
BERT,HR,5,5,0.8,0.8539316501572937,80.0
BERT,HR,5,10,0.5,0.6325414799409712,50.0
BERT,HR,6,5,0.4,0.36005461457723403,40.0
BERT,HR,6,10,0.4,0.3783033006761697,40.0
BERT,HR,7,5,0.2,0.3391602052736161,20.0
BERT,HR,7,10,0.3,0.37185395737611554,30.0
BERT,HR,8,5,0.8,0.8539316501572937,80.0
BERT,HR,8,10,0.8,0.8415908474314976,80.0
BERT,HR,9,5,0.0,0.0,0.0
BERT,HR,9,10,0.0,0.0,0.0
BERT,INFORMATION-TECHNOLOGY,1,5,0.4,0.4703652827859579,40.0
BERT,INFORMATION-TECHNOLOGY,1,10,0.4,0.44988737637276544,40.0
BERT,INFORMATION-TECHNOLOGY,2,5,0.4,0.3156484524795145,40.0
BERT,INFORMATION-TECHNOLOGY,2,10,0.3,0.2781981696179509,30.0
BERT,INFORMATION-TECHNOLOGY,3,5,0.2,0.3391602052736161,20.0
BERT,INFORMATION-TECHNOLOGY,3,10,0.3,0.37185395737611554,30.0
BERT,INFORMATION-TECHNOLOGY,4,5,0.2,0.21398626473452756,20.0
BERT,INFORMATION-TECHNOLOGY,4,10,0.3,0.2866919347890071,30.0
BERT,INFORMATION-TECHNOLOGY,5,5,0.2,0.3391602052736161,20.0
BERT,INFORMATION-TECHNOLOGY,5,10,0.2,0.28371255449703187,20.0
BERT,INFORMATION-TECHNOLOGY,6,5,0.2,0.3391602052736161,20.0
BERT,INFORMATION-TECHNOLOGY,6,10,0.2,0.28371255449703187,20.0
BERT,INFORMATION-TECHNOLOGY,7,5,0.4,0.38356636737133565,40.0
BERT,INFORMATION-TECHNOLOGY,7,10,0.3,0.31516255047698366,30.0
BERT,INFORMATION-TECHNOLOGY,8,5,0.6,0.5296347172140421,60.0
BERT,INFORMATION-TECHNOLOGY,8,10,0.5,0.47674870152787435,50.0
BERT,INFORMATION-TECHNOLOGY,9,5,0.2,0.3391602052736161,20.0
BERT,INFORMATION-TECHNOLOGY,9,10,0.2,0.2984900352767555,20.0
BERT,INFORMATION-TECHNOLOGY,10,5,0.6,0.5296347172140421,60.0
BERT,INFORMATION-TECHNOLOGY,10,10,0.5,0.491526182307598,50.0
BERT,DESIGNER,1,5,0.8,0.8687949224876582,80.0
BERT,DESIGNER,1,10,0.6,0.7034066032439746,60.0
BERT,DESIGNER,2,5,0.0,0.0,0.0
BERT,DESIGNER,2,10,0.1,0.06625422345438903,10.0
BERT,DESIGNER,3,5,0.0,0.0,0.0
BERT,DESIGNER,3,10,0.0,0.0,0.0
BERT,DESIGNER,4,5,0.4,0.48522855511632257,40.0
BERT,DESIGNER,4,10,0.2,0.31488013066763093,20.0
BERT,DESIGNER,5,5,0.6,0.7227265726449519,60.0
BERT,DESIGNER,5,10,0.6,0.675416025555764,60.0
BERT,DESIGNER,6,5,0.8,0.8687949224876582,80.0
BERT,DESIGNER,6,10,0.4,0.5637884576902256,40.0
BERT,DESIGNER,7,5,0.4,0.4703652827859579,40.0
BERT,DESIGNER,7,10,0.2,0.30523488393970116,20.0
BERT,DESIGNER,8,5,0.2,0.21398626473452756,20.0
BERT,DESIGNER,8,10,0.1,0.13886244387355454,10.0
BERT,DESIGNER,9,5,0.6,0.7227265726449519,60.0
BERT,DESIGNER,9,10,0.3,0.4690000933206748,30.0
BERT,SALES,1,5,0.0,0.0,0.0
BERT,SALES,1,10,0.1,0.07839826897867533,10.0
BERT,SALES,2,5,0.0,0.0,0.0
BERT,SALES,2,10,0.0,0.0,0.0
BERT,SALES,3,5,0.2,0.21398626473452756,20.0
BERT,SALES,3,10,0.2,0.21726071285222986,20.0
BERT,SALES,4,5,0.0,0.0,0.0
BERT,SALES,4,10,0.2,0.12987501165334076,20.0
BERT,SALES,5,5,0.0,0.0,0.0
BERT,SALES,5,10,0.0,0.0,0.0
BERT,SALES,6,5,0.0,0.0,0.0
BERT,SALES,6,10,0.0,0.0,0.0
BERT,SALES,7,5,0.0,0.0,0.0
BERT,SALES,7,10,0.0,0.0,0.0
BERT,SALES,8,5,0.4,0.3156484524795145,40.0
BERT,SALES,8,10,0.3,0.2684550357175426,30.0
BERT,SALES,9,5,0.2,0.16958010263680806,20.0
BERT,SALES,9,10,0.2,0.1884441521277154,20.0
BERT,FINANCE,1,5,0.2,0.21398626473452756,20.0
BERT,FINANCE,1,10,0.3,0.27191445400928355,30.0
BERT,FINANCE,2,5,0.2,0.21398626473452756,20.0
BERT,FINANCE,2,10,0.2,0.2082936658103318,20.0
BERT,FINANCE,3,5,0.2,0.21398626473452756,20.0
BERT,FINANCE,3,10,0.1,0.13886244387355454,10.0
BERT,FINANCE,4,5,0.6,0.6992148198508501,60.0
BERT,FINANCE,4,10,0.6,0.6569815082938864,60.0
BERT,FINANCE,5,5,0.2,0.14606834984270645,20.0
BERT,FINANCE,5,10,0.3,0.24655055544758614,30.0
BERT,FINANCE,6,5,0.4,0.5087403079104241,40.0
BERT,FINANCE,6,10,0.2,0.33013764944712026,20.0
BERT,FINANCE,7,5,0.8,0.7860137352654724,80.0
BERT,FINANCE,7,10,0.8,0.7917063341896681,80.0
BERT,FINANCE,8,5,0.8,0.7860137352654724,80.0
BERT,FINANCE,8,10,0.7,0.7191184989488184,70.0
BERT,FINANCE,9,5,0.2,0.3391602052736161,20.0
BERT,FINANCE,9,10,0.2,0.2984900352767555,20.0
BERT,FINANCE,10,5,0.6,0.6843515475204855,60.0
BERT,FINANCE,10,10,0.6,0.6505132600483449,60.0
BERT,BANKING,1,5,0.2,0.21398626473452756,20.0
BERT,BANKING,1,10,0.2,0.2082936658103318,20.0
BERT,BANKING,2,5,0.6,0.5296347172140421,60.0
BERT,BANKING,2,10,0.4,0.40995091484653445,40.0
BERT,BANKING,3,5,0.2,0.14606834984270645,20.0
BERT,BANKING,3,10,0.5,0.3764255671009269,50.0
BERT,HEALTHCARE,1,5,0.4,0.5531464700081437,40.0
BERT,HEALTHCARE,1,10,0.4,0.4959389204699464,40.0
BERT,HEALTHCARE,2,5,0.4,0.5531464700081437,40.0
BERT,HEALTHCARE,2,10,0.3,0.43735247915031,30.0
BERT,HEALTHCARE,3,5,0.2,0.3391602052736161,20.0
BERT,HEALTHCARE,3,10,0.4,0.4341754806679218,40.0
BERT,ENGINEERING,1,5,0.2,0.21398626473452756,20.0
BERT,ENGINEERING,1,10,0.2,0.2082936658103318,20.0
BERT,ENGINEERING,2,5,0.4,0.48522855511632257,40.0
BERT,ENGINEERING,2,10,0.5,0.5360735436824436,50.0
BERT,ENGINEERING,3,5,1.0,1.0,100.0
BERT,ENGINEERING,3,10,0.8,0.866947989864271,80.0
BERT,ENGINEERING,4,5,0.2,0.13120507751234178,20.0
BERT,ENGINEERING,4,10,0.2,0.15850703974098102,20.0
BERT,ENGINEERING,5,5,0.2,0.16958010263680806,20.0
BERT,ENGINEERING,5,10,0.3,0.2618080742270754,30.0
BERT,ENGINEERING,6,5,0.4,0.5087403079104241,40.0
BERT,ENGINEERING,6,10,0.5,0.5384109300791362,50.0
BERT,ENGINEERING,7,5,0.2,0.21398626473452756,20.0
BERT,ENGINEERING,7,10,0.2,0.2051166673279436,20.0
BERT,ENGINEERING,8,5,0.6,0.6548086577531307,60.0
BERT,ENGINEERING,8,10,0.3,0.424926013816671,30.0
BERT,ENGINEERING,9,5,0.2,0.3391602052736161,20.0
BERT,ENGINEERING,9,10,0.3,0.35970991185182927,30.0
BERT,ENGINEERING,10,5,0.8,0.830419897363192,80.0
BERT,ENGINEERING,10,10,0.5,0.6051399156371955,50.0
BERT,ACCOUNTANT,1,5,0.2,0.13120507751234178,20.0
BERT,ACCOUNTANT,1,10,0.3,0.22979561007468535,30.0
BERT,ACCOUNTANT,2,5,0.2,0.14606834984270645,20.0
BERT,ACCOUNTANT,2,10,0.1,0.09478836436955078,10.0
BERT,ACCOUNTANT,3,5,0.0,0.0,0.0
BERT,ACCOUNTANT,3,10,0.1,0.07839826897867533,10.0
BERT,DIGITAL-MEDIA,1,5,0.6,0.4912596920895758,60.0
BERT,DIGITAL-MEDIA,1,10,0.6,0.5270672065167423,60.0
BERT,DIGITAL-MEDIA,2,5,0.0,0.0,0.0
BERT,DIGITAL-MEDIA,2,10,0.2,0.13568544539116628,20.0
BERT,DIGITAL-MEDIA,3,5,0.4,0.27727342735504823,40.0
BERT,DIGITAL-MEDIA,3,10,0.3,0.2583297509898471,30.0
BERT,DIGITAL-MEDIA,4,5,0.2,0.13120507751234178,20.0
BERT,DIGITAL-MEDIA,4,10,0.1,0.08514311764162098,10.0
BERT,DIGITAL-MEDIA,5,5,0.0,0.0,0.0
BERT,DIGITAL-MEDIA,5,10,0.1,0.06625422345438903,10.0
BERT,DIGITAL-MEDIA,6,5,0.2,0.21398626473452756,20.0
BERT,DIGITAL-MEDIA,6,10,0.4,0.3529461582433962,40.0
BERT,DIGITAL-MEDIA,7,5,0.2,0.14606834984270645,20.0
BERT,DIGITAL-MEDIA,7,10,0.3,0.2426178552850034,30.0
BERT,DIGITAL-MEDIA,8,5,0.0,0.0,0.0
BERT,DIGITAL-MEDIA,8,10,0.1,0.06362078819895171,10.0
BERT,DIGITAL-MEDIA,9,5,0.4,0.36005461457723403,40.0
BERT,DIGITAL-MEDIA,9,10,0.3,0.29727159644205703,30.0
BERT,CONSULTANT,1,5,0.0,0.0,0.0
BERT,CONSULTANT,1,10,0.0,0.0,0.0
BERT,CONSULTANT,2,5,0.4,0.36005461457723403,40.0
BERT,CONSULTANT,2,10,0.4,0.38148029915855786,40.0
BERT,CONSULTANT,3,5,0.0,0.0,0.0
BERT,CONSULTANT,3,10,0.1,0.06362078819895171,10.0
BERT,CONSULTANT,4,5,0.0,0.0,0.0
BERT,CONSULTANT,4,10,0.0,0.0,0.0
BERT,CONSULTANT,5,5,0.0,0.0,0.0
BERT,CONSULTANT,5,10,0.1,0.06362078819895171,10.0
BERT,CONSULTANT,6,5,0.2,0.3391602052736161,20.0
BERT,CONSULTANT,6,10,0.2,0.28371255449703187,20.0
BERT,CONSULTANT,7,5,0.2,0.13120507751234178,20.0
BERT,CONSULTANT,7,10,0.1,0.08514311764162098,10.0
BERT,CONSULTANT,8,5,0.0,0.0,0.0
BERT,CONSULTANT,8,10,0.0,0.0,0.0
BERT,CONSULTANT,9,5,0.2,0.21398626473452756,20.0
BERT,CONSULTANT,9,10,0.1,0.13886244387355454,10.0
BERT,TEACHER,1,5,1.0,1.0,100.0
BERT,TEACHER,1,10,1.0,1.0,100.0
BERT,TEACHER,2,5,1.0,1.0,100.0
BERT,TEACHER,2,10,0.7,0.793584067764911,70.0
BERT,TEACHER,3,5,0.4,0.3156484524795145,40.0
BERT,TEACHER,3,10,0.2,0.20483424751859086,20.0
BERT,ADVOCATE,1,5,0.0,0.0,0.0
BERT,ADVOCATE,1,10,0.0,0.0,0.0
BERT,ADVOCATE,2,5,0.0,0.0,0.0
BERT,ADVOCATE,2,10,0.0,0.0,0.0
BERT,ADVOCATE,3,5,0.0,0.0,0.0
BERT,ADVOCATE,3,10,0.0,0.0,0.0
BERT,ADVOCATE,4,5,0.2,0.13120507751234178,20.0
BERT,ADVOCATE,4,10,0.1,0.08514311764162098,10.0
BERT,ADVOCATE,5,5,0.2,0.14606834984270645,20.0
BERT,ADVOCATE,5,10,0.2,0.1584091525685025,20.0
BERT,ADVOCATE,6,5,0.0,0.0,0.0
BERT,ADVOCATE,6,10,0.0,0.0,0.0
BERT,ADVOCATE,7,5,0.0,0.0,0.0
BERT,ADVOCATE,7,10,0.0,0.0,0.0
BERT,ADVOCATE,8,5,0.0,0.0,0.0
BERT,ADVOCATE,8,10,0.0,0.0,0.0
BERT,ADVOCATE,9,5,0.0,0.0,0.0
BERT,ADVOCATE,9,10,0.1,0.07336392209936005,10.0
BERT,ADVOCATE,10,5,0.0,0.0,0.0
BERT,ADVOCATE,10,10,0.0,0.0,0.0
BERT,ARTS,1,5,0.0,0.0,0.0
BERT,ARTS,1,10,0.1,0.07336392209936005,10.0
BERT,ARTS,2,5,0.2,0.13120507751234178,20.0
BERT,ARTS,2,10,0.1,0.08514311764162098,10.0
BERT,ARTS,3,5,0.0,0.0,0.0
BERT,ARTS,3,10,0.0,0.0,0.0
BERT,BUSINESS-DEVELOPMENT,1,5,0.0,0.0,0.0
BERT,BUSINESS-DEVELOPMENT,1,10,0.0,0.0,0.0
BERT,BUSINESS-DEVELOPMENT,2,5,0.0,0.0,0.0
BERT,BUSINESS-DEVELOPMENT,2,10,0.0,0.0,0.0
BERT,BUSINESS-DEVELOPMENT,3,5,0.4,0.5087403079104241,40.0
BERT,BUSINESS-DEVELOPMENT,3,10,0.3,0.40853591842579556,30.0
BERT,AGRICULTURE,1,5,0.0,0.0,0.0
BERT,AGRICULTURE,1,10,0.0,0.0,0.0
BERT,AGRICULTURE,2,5,0.0,0.0,0.0
BERT,AGRICULTURE,2,10,0.0,0.0,0.0
BERT,AGRICULTURE,3,5,0.0,0.0,0.0
BERT,AGRICULTURE,3,10,0.0,0.0,0.0
BERT,AGRICULTURE,4,5,0.0,0.0,0.0
BERT,AGRICULTURE,4,10,0.0,0.0,0.0
BERT,AGRICULTURE,5,5,0.0,0.0,0.0
BERT,AGRICULTURE,5,10,0.1,0.06625422345438903,10.0
BERT,AGRICULTURE,6,5,0.0,0.0,0.0
BERT,AGRICULTURE,6,10,0.0,0.0,0.0
BERT,AGRICULTURE,7,5,0.2,0.21398626473452756,20.0
BERT,AGRICULTURE,7,10,0.1,0.13886244387355454,10.0
BERT,AGRICULTURE,8,5,0.0,0.0,0.0
BERT,AGRICULTURE,8,10,0.1,0.06625422345438903,10.0
BERT,APPAREL,1,5,0.4,0.48522855511632257,40.0
BERT,APPAREL,1,10,0.3,0.3843113526044082,30.0
BERT,APPAREL,2,5,0.0,0.0,0.0
BERT,APPAREL,2,10,0.0,0.0,0.0
BERT,APPAREL,3,5,0.4,0.3156484524795145,40.0
BERT,APPAREL,3,10,0.4,0.3476293915547282,40.0
BERT,APPAREL,4,5,0.2,0.16958010263680806,20.0
BERT,APPAREL,4,10,0.1,0.11004588314904008,10.0
BERT,APPAREL,5,5,0.2,0.14606834984270645,20.0
BERT,APPAREL,5,10,0.2,0.1584091525685025,20.0
BERT,APPAREL,6,5,0.0,0.0,0.0
BERT,APPAREL,6,10,0.1,0.07839826897867533,10.0
BERT,APPAREL,7,5,0.2,0.16958010263680806,20.0
BERT,APPAREL,7,10,0.1,0.11004588314904008,10.0
BERT,APPAREL,8,5,0.0,0.0,0.0
BERT,APPAREL,8,10,0.0,0.0,0.0
BERT,CONSTRUCTION,1,5,0.2,0.3391602052736161,20.0
BERT,CONSTRUCTION,1,10,0.2,0.2863459897524692,20.0
BERT,CONSTRUCTION,2,5,0.2,0.14606834984270645,20.0
BERT,CONSTRUCTION,2,10,0.2,0.16421958630632802,20.0
BERT,CONSTRUCTION,3,5,0.0,0.0,0.0
BERT,CONSTRUCTION,3,10,0.0,0.0,0.0
BERT,PUBLIC-RELATIONS,1,5,0.0,0.0,0.0
BERT,PUBLIC-RELATIONS,1,10,0.0,0.0,0.0
BERT,PUBLIC-RELATIONS,2,5,0.0,0.0,0.0
BERT,PUBLIC-RELATIONS,2,10,0.1,0.06362078819895171,10.0
BERT,PUBLIC-RELATIONS,3,5,0.0,0.0,0.0
BERT,PUBLIC-RELATIONS,3,10,0.0,0.0,0.0
BERT,PUBLIC-RELATIONS,4,5,0.0,0.0,0.0
BERT,PUBLIC-RELATIONS,4,10,0.0,0.0,0.0
BERT,PUBLIC-RELATIONS,5,5,0.0,0.0,0.0
BERT,PUBLIC-RELATIONS,5,10,0.1,0.06943122193677727,10.0
BERT,PUBLIC-RELATIONS,6,5,0.0,0.0,0.0
BERT,PUBLIC-RELATIONS,6,10,0.0,0.0,0.0
BERT,PUBLIC-RELATIONS,7,5,0.0,0.0,0.0
BERT,PUBLIC-RELATIONS,7,10,0.0,0.0,0.0
BERT,PUBLIC-RELATIONS,8,5,0.2,0.13120507751234178,20.0
BERT,PUBLIC-RELATIONS,8,10,0.3,0.21501812929496175,30.0
BERT,PUBLIC-RELATIONS,9,5,0.2,0.13120507751234178,20.0
BERT,PUBLIC-RELATIONS,9,10,0.1,0.08514311764162098,10.0
BERT,BPO,1,5,0.0,0.0,0.0
BERT,BPO,1,10,0.0,0.0,0.0
BERT,BPO,2,5,0.0,0.0,0.0
BERT,BPO,2,10,0.0,0.0,0.0
BERT,BPO,3,5,0.0,0.0,0.0
BERT,BPO,3,10,0.0,0.0,0.0
BERT,BPO,4,5,0.0,0.0,0.0
BERT,BPO,4,10,0.0,0.0,0.0
BERT,BPO,5,5,0.0,0.0,0.0
BERT,BPO,5,10,0.0,0.0,0.0
BERT,BPO,6,5,0.0,0.0,0.0
BERT,BPO,6,10,0.0,0.0,0.0
TF-IDF,HR,1,5,0.6,0.639945385422766,60.0
TF-IDF,HR,1,10,0.5,0.5599332595218056,50.0
TF-IDF,HR,2,5,0.2,0.3391602052736161,20.0
TF-IDF,HR,2,10,0.2,0.28952298823485745,20.0
TF-IDF,HR,3,5,0.8,0.7860137352654724,80.0
TF-IDF,HR,3,10,0.6,0.6399441431116327,60.0
TF-IDF,HR,4,5,0.6,0.4468535299918563,60.0
TF-IDF,HR,4,10,0.6,0.4892835987503298,60.0
TF-IDF,HR,5,5,1.0,1.0,100.0
TF-IDF,HR,5,10,1.0,1.0,100.0
TF-IDF,HR,6,5,1.0,1.0,100.0
TF-IDF,HR,6,10,1.0,1.0,100.0
TF-IDF,HR,7,5,1.0,1.0,100.0
TF-IDF,HR,7,10,1.0,1.0,100.0
TF-IDF,HR,8,5,1.0,1.0,100.0
TF-IDF,HR,8,10,1.0,1.0,100.0
TF-IDF,HR,9,5,0.6,0.5296347172140421,60.0
TF-IDF,HR,9,10,0.8,0.6947651160602989,80.0
TF-IDF,INFORMATION-TECHNOLOGY,1,5,0.0,0.0,0.0
TF-IDF,INFORMATION-TECHNOLOGY,1,10,0.3,0.20827328063201608,30.0
TF-IDF,INFORMATION-TECHNOLOGY,2,5,0.4,0.5531464700081437,40.0
TF-IDF,INFORMATION-TECHNOLOGY,2,10,0.6,0.636658712740428,60.0
TF-IDF,INFORMATION-TECHNOLOGY,3,5,0.2,0.21398626473452756,20.0
TF-IDF,INFORMATION-TECHNOLOGY,3,10,0.5,0.42367664508731884,50.0
TF-IDF,INFORMATION-TECHNOLOGY,4,5,0.8,0.8539316501572937,80.0
TF-IDF,INFORMATION-TECHNOLOGY,4,10,0.5,0.6235744328990731,50.0
TF-IDF,INFORMATION-TECHNOLOGY,5,5,0.6,0.6843515475204855,60.0
TF-IDF,INFORMATION-TECHNOLOGY,5,10,0.7,0.7167674835027339,70.0
TF-IDF,INFORMATION-TECHNOLOGY,6,5,0.0,0.0,0.0
TF-IDF,INFORMATION-TECHNOLOGY,6,10,0.1,0.06943122193677727,10.0
TF-IDF,INFORMATION-TECHNOLOGY,7,5,0.4,0.36005461457723403,40.0
TF-IDF,INFORMATION-TECHNOLOGY,7,10,0.3,0.30701473034246535,30.0
TF-IDF,INFORMATION-TECHNOLOGY,8,5,0.6,0.6992148198508501,60.0
TF-IDF,INFORMATION-TECHNOLOGY,8,10,0.6,0.6651928536555899,60.0
TF-IDF,INFORMATION-TECHNOLOGY,9,5,0.8,0.8539316501572937,80.0
TF-IDF,INFORMATION-TECHNOLOGY,9,10,0.6,0.696162268139923,60.0
TF-IDF,INFORMATION-TECHNOLOGY,10,5,1.0,1.0,100.0
TF-IDF,INFORMATION-TECHNOLOGY,10,10,0.7,0.800693766409882,70.0
TF-IDF,DESIGNER,1,5,0.6,0.6992148198508501,60.0
TF-IDF,DESIGNER,1,10,0.7,0.7411902110103873,70.0
TF-IDF,DESIGNER,2,5,0.8,0.8687949224876582,80.0
TF-IDF,DESIGNER,2,10,0.6,0.6936634693435663,60.0
TF-IDF,DESIGNER,3,5,0.4,0.5531464700081437,40.0
TF-IDF,DESIGNER,3,10,0.5,0.5704044892860389,50.0
TF-IDF,DESIGNER,4,5,0.8,0.8687949224876582,80.0
TF-IDF,DESIGNER,4,10,0.5,0.6332196796270029,50.0
TF-IDF,DESIGNER,5,5,0.6,0.6843515475204855,60.0
TF-IDF,DESIGNER,5,10,0.7,0.7167674835027339,70.0
TF-IDF,DESIGNER,6,5,0.6,0.639945385422766,60.0
TF-IDF,DESIGNER,6,10,0.6,0.6243301345792677,60.0
TF-IDF,DESIGNER,7,5,0.8,0.8687949224876582,80.0
TF-IDF,DESIGNER,7,10,0.6,0.7007731679885374,60.0
TF-IDF,DESIGNER,8,5,0.4,0.5531464700081437,40.0
TF-IDF,DESIGNER,8,10,0.4,0.501749354207772,40.0
TF-IDF,DESIGNER,9,5,0.8,0.6608397947263839,80.0
TF-IDF,DESIGNER,9,10,0.8,0.7104770117651426,80.0
TF-IDF,SALES,1,5,0.2,0.13120507751234178,20.0
TF-IDF,SALES,1,10,0.1,0.08514311764162098,10.0
TF-IDF,SALES,2,5,0.2,0.14606834984270645,20.0
TF-IDF,SALES,2,10,0.2,0.16421958630632802,20.0
TF-IDF,SALES,3,5,0.8,0.6608397947263839,80.0
TF-IDF,SALES,3,10,0.6,0.5708588662113935,60.0
TF-IDF,SALES,4,5,0.0,0.0,0.0
TF-IDF,SALES,4,10,0.2,0.12987501165334076,20.0
TF-IDF,SALES,5,5,0.6,0.6164336326286644,60.0
TF-IDF,SALES,5,10,0.4,0.4636440365082036,40.0
TF-IDF,SALES,6,5,0.0,0.0,0.0
TF-IDF,SALES,6,10,0.0,0.0,0.0
TF-IDF,SALES,7,5,0.0,0.0,0.0
TF-IDF,SALES,7,10,0.0,0.0,0.0
TF-IDF,SALES,8,5,0.8,0.8539316501572937,80.0
TF-IDF,SALES,8,10,0.7,0.7721596254947203,70.0
TF-IDF,SALES,9,5,0.2,0.3391602052736161,20.0
TF-IDF,SALES,9,10,0.4,0.42333070005078094,40.0
TF-IDF,FINANCE,1,5,0.0,0.0,0.0
TF-IDF,FINANCE,1,10,0.1,0.07839826897867533,10.0
TF-IDF,FINANCE,2,5,0.2,0.13120507751234178,20.0
TF-IDF,FINANCE,2,10,0.1,0.08514311764162098,10.0
TF-IDF,FINANCE,3,5,0.2,0.16958010263680806,20.0
TF-IDF,FINANCE,3,10,0.2,0.1736666713479918,20.0
TF-IDF,FINANCE,4,5,0.6,0.4468535299918563,60.0
TF-IDF,FINANCE,4,10,0.7,0.5747915663739762,70.0
TF-IDF,FINANCE,5,5,0.0,0.0,0.0
TF-IDF,FINANCE,5,10,0.5,0.3510684246681534,50.0
TF-IDF,FINANCE,6,5,0.0,0.0,0.0
TF-IDF,FINANCE,6,10,0.1,0.07336392209936005,10.0
TF-IDF,FINANCE,7,5,0.4,0.38356636737133565,40.0
TF-IDF,FINANCE,7,10,0.3,0.3222722491219547,30.0
TF-IDF,FINANCE,8,5,0.4,0.38356636737133565,40.0
TF-IDF,FINANCE,8,10,0.4,0.39673781793804724,40.0
TF-IDF,FINANCE,9,5,0.0,0.0,0.0
TF-IDF,FINANCE,9,10,0.3,0.2114502791144043,30.0
TF-IDF,FINANCE,10,5,0.6,0.4912596920895758,60.0
TF-IDF,FINANCE,10,10,0.7,0.606241562353928,70.0
TF-IDF,BANKING,1,5,0.4,0.48522855511632257,40.0
TF-IDF,BANKING,1,10,0.2,0.31488013066763093,20.0
TF-IDF,BANKING,2,5,0.4,0.36005461457723403,40.0
TF-IDF,BANKING,2,10,0.4,0.36670281837883434,40.0
TF-IDF,BANKING,3,5,0.4,0.4703652827859579,40.0
TF-IDF,BANKING,3,10,0.5,0.5264282969545138,50.0
TF-IDF,HEALTHCARE,1,5,0.6,0.6992148198508501,60.0
TF-IDF,HEALTHCARE,1,10,0.6,0.6651928536555899,60.0
TF-IDF,HEALTHCARE,2,5,0.6,0.4912596920895758,60.0
TF-IDF,HEALTHCARE,2,10,0.5,0.4634464183177906,50.0
TF-IDF,HEALTHCARE,3,5,0.4,0.5087403079104241,40.0
TF-IDF,HEALTHCARE,3,10,0.4,0.4631896595828492,40.0
TF-IDF,ENGINEERING,1,5,0.6,0.5296347172140421,60.0
TF-IDF,ENGINEERING,1,10,0.7,0.6285108926059098,70.0
TF-IDF,ENGINEERING,2,5,0.2,0.21398626473452756,20.0
TF-IDF,ENGINEERING,2,10,0.2,0.21726071285222986,20.0
TF-IDF,ENGINEERING,3,5,1.0,1.0,100.0
TF-IDF,ENGINEERING,3,10,1.0,1.0,100.0
TF-IDF,ENGINEERING,4,5,0.4,0.3156484524795145,40.0
TF-IDF,ENGINEERING,4,10,0.2,0.20483424751859086,20.0
TF-IDF,ENGINEERING,5,5,1.0,1.0,100.0
TF-IDF,ENGINEERING,5,10,0.7,0.7885497208855957,70.0
TF-IDF,ENGINEERING,6,5,0.4,0.4703652827859579,40.0
TF-IDF,ENGINEERING,6,10,0.5,0.5264282969545138,50.0
TF-IDF,ENGINEERING,7,5,0.0,0.0,0.0
TF-IDF,ENGINEERING,7,10,0.3,0.20641593223508903,30.0
TF-IDF,ENGINEERING,8,5,0.8,0.8687949224876582,80.0
TF-IDF,ENGINEERING,8,10,0.8,0.84860265890399,80.0
TF-IDF,ENGINEERING,9,5,0.8,0.6608397947263839,80.0
TF-IDF,ENGINEERING,9,10,0.6,0.576669299949219,60.0
TF-IDF,ENGINEERING,10,5,1.0,1.0,100.0
TF-IDF,ENGINEERING,10,10,0.9,0.9363792118010483,90.0
TF-IDF,ACCOUNTANT,1,5,0.4,0.36005461457723403,40.0
TF-IDF,ACCOUNTANT,1,10,0.4,0.3783033006761697,40.0
TF-IDF,ACCOUNTANT,2,5,0.6,0.5296347172140421,60.0
TF-IDF,ACCOUNTANT,2,10,0.4,0.4131279133289227,40.0
TF-IDF,ACCOUNTANT,3,5,0.4,0.36005461457723403,40.0
TF-IDF,ACCOUNTANT,3,10,0.4,0.3783033006761697,40.0
TF-IDF,DIGITAL-MEDIA,1,5,0.8,0.6608397947263839,80.0
TF-IDF,DIGITAL-MEDIA,1,10,0.6,0.5618918191694954,60.0
TF-IDF,DIGITAL-MEDIA,2,5,0.8,0.8687949224876582,80.0
TF-IDF,DIGITAL-MEDIA,2,10,0.8,0.8512360941594274,80.0
TF-IDF,DIGITAL-MEDIA,3,5,0.6,0.5296347172140421,60.0
TF-IDF,DIGITAL-MEDIA,3,10,0.6,0.5501126236272343,60.0
TF-IDF,DIGITAL-MEDIA,4,5,0.8,0.8539316501572937,80.0
TF-IDF,DIGITAL-MEDIA,4,10,0.9,0.9052116356304493,90.0
TF-IDF,DIGITAL-MEDIA,5,5,1.0,1.0,100.0
TF-IDF,DIGITAL-MEDIA,5,10,0.8,0.866947989864271,80.0
TF-IDF,DIGITAL-MEDIA,6,5,0.6,0.5147714448836774,60.0
TF-IDF,DIGITAL-MEDIA,6,10,0.6,0.5404673768993046,60.0
TF-IDF,DIGITAL-MEDIA,7,5,0.6,0.4468535299918563,60.0
TF-IDF,DIGITAL-MEDIA,7,10,0.7,0.5774250016294136,70.0
TF-IDF,DIGITAL-MEDIA,8,5,0.8,0.830419897363192,80.0
TF-IDF,DIGITAL-MEDIA,8,10,0.9,0.8899541168509599,90.0
TF-IDF,DIGITAL-MEDIA,9,5,0.4,0.34519134224686937,40.0
TF-IDF,DIGITAL-MEDIA,9,10,0.3,0.2934367834519528,30.0
TF-IDF,CONSULTANT,1,5,0.2,0.3391602052736161,20.0
TF-IDF,CONSULTANT,1,10,0.2,0.2984900352767555,20.0
TF-IDF,CONSULTANT,2,5,0.0,0.0,0.0
TF-IDF,CONSULTANT,2,10,0.1,0.06943122193677727,10.0
TF-IDF,CONSULTANT,3,5,0.4,0.5531464700081437,40.0
TF-IDF,CONSULTANT,3,10,0.2,0.3589542101716347,20.0
TF-IDF,CONSULTANT,4,5,0.2,0.21398626473452756,20.0
TF-IDF,CONSULTANT,4,10,0.1,0.13886244387355454,10.0
TF-IDF,CONSULTANT,5,5,0.2,0.3391602052736161,20.0
TF-IDF,CONSULTANT,5,10,0.3,0.3531437764338092,30.0
TF-IDF,CONSULTANT,6,5,0.2,0.3391602052736161,20.0
TF-IDF,CONSULTANT,6,10,0.2,0.2934556883974402,20.0
TF-IDF,CONSULTANT,7,5,0.2,0.16958010263680806,20.0
TF-IDF,CONSULTANT,7,10,0.2,0.18340980524840012,20.0
TF-IDF,CONSULTANT,8,5,0.0,0.0,0.0
TF-IDF,CONSULTANT,8,10,0.0,0.0,0.0
TF-IDF,CONSULTANT,9,5,0.2,0.21398626473452756,20.0
TF-IDF,CONSULTANT,9,10,0.1,0.13886244387355454,10.0
TF-IDF,TEACHER,1,5,1.0,1.0,100.0
TF-IDF,TEACHER,1,10,0.8,0.8572048559638628,80.0
TF-IDF,TEACHER,2,5,0.8,0.8539316501572937,80.0
TF-IDF,TEACHER,2,10,0.8,0.8389574121760602,80.0
TF-IDF,TEACHER,3,5,0.2,0.3391602052736161,20.0
TF-IDF,TEACHER,3,10,0.5,0.5049059675118446,50.0
TF-IDF,ADVOCATE,1,5,0.2,0.21398626473452756,20.0
TF-IDF,ADVOCATE,1,10,0.2,0.2082936658103318,20.0
TF-IDF,ADVOCATE,2,5,0.4,0.48522855511632257,40.0
TF-IDF,ADVOCATE,2,10,0.2,0.31488013066763093,20.0
TF-IDF,ADVOCATE,3,5,0.4,0.3156484524795145,40.0
TF-IDF,ADVOCATE,3,10,0.4,0.34948673995165525,40.0
TF-IDF,ADVOCATE,4,5,0.0,0.0,0.0
TF-IDF,ADVOCATE,4,10,0.0,0.0,0.0
TF-IDF,ADVOCATE,5,5,0.4,0.38356636737133565,40.0
TF-IDF,ADVOCATE,5,10,0.2,0.2489083270225946,20.0
TF-IDF,ADVOCATE,6,5,0.0,0.0,0.0
TF-IDF,ADVOCATE,6,10,0.1,0.06943122193677727,10.0
TF-IDF,ADVOCATE,7,5,0.4,0.5531464700081437,40.0
TF-IDF,ADVOCATE,7,10,0.2,0.3589542101716347,20.0
TF-IDF,ADVOCATE,8,5,0.4,0.5087403079104241,40.0
TF-IDF,ADVOCATE,8,10,0.3,0.39375843764607193,30.0
TF-IDF,ADVOCATE,9,5,0.4,0.5087403079104241,40.0
TF-IDF,ADVOCATE,9,10,0.2,0.33013764944712026,20.0
TF-IDF,ADVOCATE,10,5,0.2,0.13120507751234178,20.0
TF-IDF,ADVOCATE,10,10,0.4,0.284449351231739,40.0
TF-IDF,ARTS,1,5,0.8,0.8687949224876582,80.0
TF-IDF,ARTS,1,10,0.7,0.77523873680463,70.0
TF-IDF,ARTS,2,5,0.0,0.0,0.0
TF-IDF,ARTS,2,10,0.0,0.0,0.0
TF-IDF,ARTS,3,5,0.0,0.0,0.0
TF-IDF,ARTS,3,10,0.1,0.06943122193677727,10.0
TF-IDF,BUSINESS-DEVELOPMENT,1,5,0.8,0.8687949224876582,80.0
TF-IDF,BUSINESS-DEVELOPMENT,1,10,0.8,0.8454256604216017,80.0
TF-IDF,BUSINESS-DEVELOPMENT,2,5,0.6,0.6164336326286644,60.0
TF-IDF,BUSINESS-DEVELOPMENT,2,10,0.6,0.6032621820619528,60.0
TF-IDF,BUSINESS-DEVELOPMENT,3,5,0.2,0.14606834984270645,20.0
TF-IDF,BUSINESS-DEVELOPMENT,3,10,0.3,0.22466337602289155,30.0
TF-IDF,AGRICULTURE,1,5,0.0,0.0,0.0
TF-IDF,AGRICULTURE,1,10,0.1,0.06625422345438903,10.0
TF-IDF,AGRICULTURE,2,5,0.0,0.0,0.0
TF-IDF,AGRICULTURE,2,10,0.0,0.0,0.0
TF-IDF,AGRICULTURE,3,5,0.0,0.0,0.0
TF-IDF,AGRICULTURE,3,10,0.0,0.0,0.0
TF-IDF,AGRICULTURE,4,5,0.0,0.0,0.0
TF-IDF,AGRICULTURE,4,10,0.0,0.0,0.0
TF-IDF,AGRICULTURE,5,5,0.0,0.0,0.0
TF-IDF,AGRICULTURE,5,10,0.0,0.0,0.0
TF-IDF,AGRICULTURE,6,5,0.0,0.0,0.0
TF-IDF,AGRICULTURE,6,10,0.0,0.0,0.0
TF-IDF,AGRICULTURE,7,5,0.0,0.0,0.0
TF-IDF,AGRICULTURE,7,10,0.0,0.0,0.0
TF-IDF,AGRICULTURE,8,5,0.0,0.0,0.0
TF-IDF,AGRICULTURE,8,10,0.1,0.06362078819895171,10.0
TF-IDF,APPAREL,1,5,0.0,0.0,0.0
TF-IDF,APPAREL,1,10,0.2,0.14201905717762703,20.0
TF-IDF,APPAREL,2,5,0.0,0.0,0.0
TF-IDF,APPAREL,2,10,0.3,0.199306233590118,30.0
TF-IDF,APPAREL,3,5,0.0,0.0,0.0
TF-IDF,APPAREL,3,10,0.2,0.13305201013572898,20.0
TF-IDF,APPAREL,4,5,0.2,0.3391602052736161,20.0
TF-IDF,APPAREL,4,10,0.2,0.2863459897524692,20.0
TF-IDF,APPAREL,5,5,0.0,0.0,0.0
TF-IDF,APPAREL,5,10,0.2,0.13305201013572898,20.0
TF-IDF,APPAREL,6,5,0.0,0.0,0.0
TF-IDF,APPAREL,6,10,0.0,0.0,0.0
TF-IDF,APPAREL,7,5,0.0,0.0,0.0
TF-IDF,APPAREL,7,10,0.1,0.06362078819895171,10.0
TF-IDF,APPAREL,8,5,0.4,0.27727342735504823,40.0
TF-IDF,APPAREL,8,10,0.3,0.2583297509898471,30.0
TF-IDF,CONSTRUCTION,1,5,0.0,0.0,0.0
TF-IDF,CONSTRUCTION,1,10,0.0,0.0,0.0
TF-IDF,CONSTRUCTION,2,5,1.0,1.0,100.0
TF-IDF,CONSTRUCTION,2,10,1.0,1.0,100.0
TF-IDF,CONSTRUCTION,3,5,0.2,0.21398626473452756,20.0
TF-IDF,CONSTRUCTION,3,10,0.2,0.2051166673279436,20.0
TF-IDF,PUBLIC-RELATIONS,1,5,0.0,0.0,0.0
TF-IDF,PUBLIC-RELATIONS,1,10,0.0,0.0,0.0
TF-IDF,PUBLIC-RELATIONS,2,5,0.0,0.0,0.0
TF-IDF,PUBLIC-RELATIONS,2,10,0.0,0.0,0.0
TF-IDF,PUBLIC-RELATIONS,3,5,0.2,0.13120507751234178,20.0
TF-IDF,PUBLIC-RELATIONS,3,10,0.2,0.1635413866202963,20.0
TF-IDF,PUBLIC-RELATIONS,4,5,0.0,0.0,0.0
TF-IDF,PUBLIC-RELATIONS,4,10,0.0,0.0,0.0
TF-IDF,PUBLIC-RELATIONS,5,5,0.0,0.0,0.0
TF-IDF,PUBLIC-RELATIONS,5,10,0.0,0.0,0.0
TF-IDF,PUBLIC-RELATIONS,6,5,0.2,0.14606834984270645,20.0
TF-IDF,PUBLIC-RELATIONS,6,10,0.2,0.1731866333482261,20.0
TF-IDF,PUBLIC-RELATIONS,7,5,0.0,0.0,0.0
TF-IDF,PUBLIC-RELATIONS,7,10,0.0,0.0,0.0
TF-IDF,PUBLIC-RELATIONS,8,5,0.0,0.0,0.0
TF-IDF,PUBLIC-RELATIONS,8,10,0.0,0.0,0.0
TF-IDF,PUBLIC-RELATIONS,9,5,0.4,0.3156484524795145,40.0
TF-IDF,PUBLIC-RELATIONS,9,10,0.5,0.42021722679557794,50.0
TF-IDF,BPO,1,5,0.0,0.0,0.0
TF-IDF,BPO,1,10,0.0,0.0,0.0
TF-IDF,BPO,2,5,0.2,0.3391602052736161,20.0
TF-IDF,BPO,2,10,0.1,0.22009176629808017,10.0
TF-IDF,BPO,3,5,0.0,0.0,0.0
TF-IDF,BPO,3,10,0.0,0.0,0.0
TF-IDF,BPO,4,5,0.0,0.0,0.0
TF-IDF,BPO,4,10,0.0,0.0,0.0
TF-IDF,BPO,5,5,0.0,0.0,0.0
TF-IDF,BPO,5,10,0.0,0.0,0.0
TF-IDF,BPO,6,5,0.0,0.0,0.0
TF-IDF,BPO,6,10,0.0,0.0,0.0
SBERT,HR,1,5,1.0,1.0,100.0
SBERT,HR,1,10,0.8,0.866947989864271,80.0
SBERT,HR,2,5,0.4,0.38356636737133565,40.0
SBERT,HR,2,10,0.5,0.4642913062995817,50.0
SBERT,HR,3,5,1.0,1.0,100.0
SBERT,HR,3,10,1.0,1.0,100.0
SBERT,HR,4,5,0.8,0.8687949224876582,80.0
SBERT,HR,4,10,0.9,0.914856882358379,90.0
SBERT,HR,5,5,1.0,1.0,100.0
SBERT,HR,5,10,1.0,1.0,100.0
SBERT,HR,6,5,0.8,0.6608397947263839,80.0
SBERT,HR,6,10,0.8,0.7136540102475308,80.0
SBERT,HR,7,5,1.0,1.0,100.0
SBERT,HR,7,10,1.0,1.0,100.0
SBERT,HR,8,5,1.0,1.0,100.0
SBERT,HR,8,10,0.9,0.9305687780632227,90.0
SBERT,HR,9,5,1.0,1.0,100.0
SBERT,HR,9,10,0.8,0.8643145546088337,80.0
SBERT,INFORMATION-TECHNOLOGY,1,5,0.4,0.48522855511632257,40.0
SBERT,INFORMATION-TECHNOLOGY,1,10,0.6,0.6023277671368327,60.0
SBERT,INFORMATION-TECHNOLOGY,2,5,0.8,0.830419897363192,80.0
SBERT,INFORMATION-TECHNOLOGY,2,10,0.7,0.7600791051976192,70.0
SBERT,INFORMATION-TECHNOLOGY,3,5,0.6,0.6164336326286644,60.0
SBERT,INFORMATION-TECHNOLOGY,3,10,0.4,0.46945447024602915,40.0
SBERT,INFORMATION-TECHNOLOGY,4,5,0.8,0.830419897363192,80.0
SBERT,INFORMATION-TECHNOLOGY,4,10,0.9,0.8899541168509599,90.0
SBERT,INFORMATION-TECHNOLOGY,5,5,0.8,0.6608397947263839,80.0
SBERT,INFORMATION-TECHNOLOGY,5,10,0.8,0.7104770117651426,80.0
SBERT,INFORMATION-TECHNOLOGY,6,5,0.2,0.3391602052736161,20.0
SBERT,INFORMATION-TECHNOLOGY,6,10,0.1,0.22009176629808017,10.0
SBERT,INFORMATION-TECHNOLOGY,7,5,0.6,0.7227265726449519,60.0
SBERT,INFORMATION-TECHNOLOGY,7,10,0.5,0.6086182388744239,50.0
SBERT,INFORMATION-TECHNOLOGY,8,5,0.8,0.7860137352654724,80.0
SBERT,INFORMATION-TECHNOLOGY,8,10,0.8,0.7877736340270854,80.0
SBERT,INFORMATION-TECHNOLOGY,9,5,0.6,0.7227265726449519,60.0
SBERT,INFORMATION-TECHNOLOGY,9,10,0.6,0.6683063269107928,60.0
SBERT,INFORMATION-TECHNOLOGY,10,5,0.8,0.8539316501572937,80.0
SBERT,INFORMATION-TECHNOLOGY,10,10,0.7,0.7695261902392829,70.0
SBERT,DESIGNER,1,5,0.8,0.8687949224876582,80.0
SBERT,DESIGNER,1,10,0.7,0.77523873680463,70.0
SBERT,DESIGNER,2,5,0.6,0.6548086577531307,60.0
SBERT,DESIGNER,2,10,0.5,0.5669450709942981,50.0
SBERT,DESIGNER,3,5,0.6,0.4912596920895758,60.0
SBERT,DESIGNER,3,10,0.6,0.5341769051617135,60.0
SBERT,DESIGNER,4,5,0.8,0.8539316501572937,80.0
SBERT,DESIGNER,4,10,0.8,0.8415908474314976,80.0
SBERT,DESIGNER,5,5,0.8,0.830419897363192,80.0
SBERT,DESIGNER,5,10,0.8,0.8205228949141826,80.0
SBERT,DESIGNER,6,5,0.8,0.830419897363192,80.0
SBERT,DESIGNER,6,10,0.6,0.6745711375739728,60.0
SBERT,DESIGNER,7,5,1.0,1.0,100.0
SBERT,DESIGNER,7,10,1.0,1.0,100.0
SBERT,DESIGNER,8,5,0.0,0.0,0.0
SBERT,DESIGNER,8,10,0.2,0.1478294909154526,20.0
SBERT,DESIGNER,9,5,1.0,1.0,100.0
SBERT,DESIGNER,9,10,1.0,1.0,100.0
SBERT,SALES,1,5,0.2,0.16958010263680806,20.0
SBERT,SALES,1,10,0.3,0.2520649403266671,30.0
SBERT,SALES,2,5,0.8,0.830419897363192,80.0
SBERT,SALES,2,10,0.9,0.8899541168509599,90.0
SBERT,SALES,3,5,0.8,0.8539316501572937,80.0
SBERT,SALES,3,10,0.9,0.9052116356304493,90.0
SBERT,SALES,4,5,0.8,0.8687949224876582,80.0
SBERT,SALES,4,10,0.5,0.6332196796270029,50.0
SBERT,SALES,5,5,0.8,0.830419897363192,80.0
SBERT,SALES,5,10,0.6,0.6785038377365556,60.0
SBERT,SALES,6,5,0.0,0.0,0.0
SBERT,SALES,6,10,0.0,0.0,0.0
SBERT,SALES,7,5,0.2,0.21398626473452756,20.0
SBERT,SALES,7,10,0.1,0.13886244387355454,10.0
SBERT,SALES,8,5,1.0,1.0,100.0
SBERT,SALES,8,10,0.9,0.933745776545611,90.0
SBERT,SALES,9,5,0.6,0.7227265726449519,60.0
SBERT,SALES,9,10,0.8,0.8200685179888283,80.0
SBERT,FINANCE,1,5,0.0,0.0,0.0
SBERT,FINANCE,1,10,0.2,0.14279514403613733,20.0
SBERT,FINANCE,2,5,0.2,0.21398626473452756,20.0
SBERT,FINANCE,2,10,0.3,0.2687374555268953,30.0
SBERT,FINANCE,3,5,0.4,0.3156484524795145,40.0
SBERT,FINANCE,3,10,0.6,0.4825387500873843,60.0
SBERT,FINANCE,4,5,0.8,0.8539316501572937,80.0
SBERT,FINANCE,4,10,0.8,0.826813366651774,80.0
SBERT,FINANCE,5,5,0.6,0.7227265726449519,60.0
SBERT,FINANCE,5,10,0.7,0.741670249010153,70.0
SBERT,FINANCE,6,5,0.6,0.6843515475204855,60.0
SBERT,FINANCE,6,10,0.7,0.7167674835027339,70.0
SBERT,FINANCE,7,5,0.0,0.0,0.0
SBERT,FINANCE,7,10,0.1,0.07839826897867533,10.0
SBERT,FINANCE,8,5,0.2,0.3391602052736161,20.0
SBERT,FINANCE,8,10,0.2,0.2934556883974402,20.0
SBERT,FINANCE,9,5,0.6,0.639945385422766,60.0
SBERT,FINANCE,9,10,0.6,0.6145870006788592,60.0
SBERT,FINANCE,10,5,0.8,0.6608397947263839,80.0
SBERT,FINANCE,10,10,0.6,0.5708588662113935,60.0
SBERT,BANKING,1,5,0.4,0.27727342735504823,40.0
SBERT,BANKING,1,10,0.2,0.17993148201117176,20.0
SBERT,BANKING,2,5,0.2,0.13120507751234178,20.0
SBERT,BANKING,2,10,0.4,0.29155904987671,40.0
SBERT,BANKING,3,5,0.4,0.5531464700081437,40.0
SBERT,BANKING,3,10,0.3,0.42838543210841196,30.0
SBERT,HEALTHCARE,1,5,0.6,0.5147714448836774,60.0
SBERT,HEALTHCARE,1,10,0.4,0.40348266660099286,40.0
SBERT,HEALTHCARE,2,5,0.4,0.3156484524795145,40.0
SBERT,HEALTHCARE,2,10,0.3,0.2684550357175426,30.0
SBERT,HEALTHCARE,3,5,0.4,0.38356636737133565,40.0
SBERT,HEALTHCARE,3,10,0.4,0.3787833386759354,40.0
SBERT,ENGINEERING,1,5,0.4,0.5531464700081437,40.0
SBERT,ENGINEERING,1,10,0.6,0.6405914129030109,60.0
SBERT,ENGINEERING,2,5,0.4,0.38356636737133565,40.0
SBERT,ENGINEERING,2,10,0.4,0.39092738420022166,40.0
SBERT,ENGINEERING,3,5,0.8,0.6608397947263839,80.0
SBERT,ENGINEERING,3,10,0.8,0.7015099647232446,80.0
SBERT,ENGINEERING,4,5,0.8,0.830419897363192,80.0
SBERT,ENGINEERING,4,10,0.7,0.7453016244178956,70.0
SBERT,ENGINEERING,5,5,0.8,0.8687949224876582,80.0
SBERT,ENGINEERING,5,10,0.8,0.841492960259019,80.0
SBERT,ENGINEERING,6,5,1.0,1.0,100.0
SBERT,ENGINEERING,6,10,0.9,0.9305687780632227,90.0
SBERT,ENGINEERING,7,5,0.0,0.0,0.0
SBERT,ENGINEERING,7,10,0.2,0.13698471029831175,20.0
SBERT,ENGINEERING,8,5,1.0,1.0,100.0
SBERT,ENGINEERING,8,10,0.7,0.7819835854675755,70.0
SBERT,ENGINEERING,9,5,1.0,1.0,100.0
SBERT,ENGINEERING,9,10,0.8,0.8630152897016883,80.0
SBERT,ENGINEERING,10,5,1.0,1.0,100.0
SBERT,ENGINEERING,10,10,1.0,1.0,100.0
SBERT,ACCOUNTANT,1,5,1.0,1.0,100.0
SBERT,ACCOUNTANT,1,10,0.9,0.9305687780632227,90.0
SBERT,ACCOUNTANT,2,5,0.8,0.8539316501572937,80.0
SBERT,ACCOUNTANT,2,10,0.7,0.7655934900767002,70.0
SBERT,ACCOUNTANT,3,5,0.4,0.30078518014914984,40.0
SBERT,ACCOUNTANT,3,10,0.5,0.39842793454336184,50.0
SBERT,DIGITAL-MEDIA,1,5,0.4,0.5531464700081437,40.0
SBERT,DIGITAL-MEDIA,1,10,0.6,0.6437684113853992,60.0
SBERT,DIGITAL-MEDIA,2,5,1.0,1.0,100.0
SBERT,DIGITAL-MEDIA,2,10,0.5,0.6489315753318465,50.0
SBERT,DIGITAL-MEDIA,3,5,0.8,0.830419897363192,80.0
SBERT,DIGITAL-MEDIA,3,10,0.7,0.7421246259355073,70.0
SBERT,DIGITAL-MEDIA,4,5,0.4,0.27727342735504823,40.0
SBERT,DIGITAL-MEDIA,4,10,0.2,0.17993148201117176,20.0
SBERT,DIGITAL-MEDIA,5,5,0.6,0.639945385422766,60.0
SBERT,DIGITAL-MEDIA,5,10,0.4,0.4936790360674166,40.0
SBERT,DIGITAL-MEDIA,6,5,0.4,0.34519134224686937,40.0
SBERT,DIGITAL-MEDIA,6,10,0.5,0.43808927588501717,50.0
SBERT,DIGITAL-MEDIA,7,5,0.6,0.6548086577531307,60.0
SBERT,DIGITAL-MEDIA,7,10,0.6,0.6339753813071974,60.0
SBERT,DIGITAL-MEDIA,8,5,0.6,0.6843515475204855,60.0
SBERT,DIGITAL-MEDIA,8,10,0.4,0.5174612499126158,40.0
SBERT,DIGITAL-MEDIA,9,5,0.2,0.13120507751234178,20.0
SBERT,DIGITAL-MEDIA,9,10,0.3,0.21501812929496175,30.0
SBERT,CONSULTANT,1,5,0.0,0.0,0.0
SBERT,CONSULTANT,1,10,0.0,0.0,0.0
SBERT,CONSULTANT,2,5,0.0,0.0,0.0
SBERT,CONSULTANT,2,10,0.0,0.0,0.0
SBERT,CONSULTANT,3,5,0.0,0.0,0.0
SBERT,CONSULTANT,3,10,0.4,0.2726701556894781,40.0
SBERT,CONSULTANT,4,5,0.0,0.0,0.0
SBERT,CONSULTANT,4,10,0.0,0.0,0.0
SBERT,CONSULTANT,5,5,0.0,0.0,0.0
SBERT,CONSULTANT,5,10,0.0,0.0,0.0
SBERT,CONSULTANT,6,5,0.4,0.3156484524795145,40.0
SBERT,CONSULTANT,6,10,0.2,0.20483424751859086,20.0
SBERT,CONSULTANT,7,5,0.2,0.16958010263680806,20.0
SBERT,CONSULTANT,7,10,0.1,0.11004588314904008,10.0
SBERT,CONSULTANT,8,5,0.0,0.0,0.0
SBERT,CONSULTANT,8,10,0.0,0.0,0.0
SBERT,CONSULTANT,9,5,0.0,0.0,0.0
SBERT,CONSULTANT,9,10,0.1,0.06362078819895171,10.0
SBERT,TEACHER,1,5,0.8,0.830419897363192,80.0
SBERT,TEACHER,1,10,0.9,0.8899541168509599,90.0
SBERT,TEACHER,2,5,0.8,0.830419897363192,80.0
SBERT,TEACHER,2,10,0.9,0.8899541168509599,90.0
SBERT,TEACHER,3,5,0.8,0.8539316501572937,80.0
SBERT,TEACHER,3,10,0.8,0.8415908474314976,80.0
SBERT,ADVOCATE,1,5,0.0,0.0,0.0
SBERT,ADVOCATE,1,10,0.2,0.14201905717762703,20.0
SBERT,ADVOCATE,2,5,0.2,0.16958010263680806,20.0
SBERT,ADVOCATE,2,10,0.1,0.11004588314904008,10.0
SBERT,ADVOCATE,3,5,0.2,0.13120507751234178,20.0
SBERT,ADVOCATE,3,10,0.3,0.22716217481924803,30.0
SBERT,ADVOCATE,4,5,0.2,0.3391602052736161,20.0
SBERT,ADVOCATE,4,10,0.1,0.22009176629808017,10.0
SBERT,ADVOCATE,5,5,0.2,0.14606834984270645,20.0
SBERT,ADVOCATE,5,10,0.2,0.1731866333482261,20.0
SBERT,ADVOCATE,6,5,0.2,0.14606834984270645,20.0
SBERT,ADVOCATE,6,10,0.1,0.09478836436955078,10.0
SBERT,ADVOCATE,7,5,0.2,0.21398626473452756,20.0
SBERT,ADVOCATE,7,10,0.1,0.13886244387355454,10.0
SBERT,ADVOCATE,8,5,0.2,0.16958010263680806,20.0
SBERT,ADVOCATE,8,10,0.1,0.11004588314904008,10.0
SBERT,ADVOCATE,9,5,0.2,0.16958010263680806,20.0
SBERT,ADVOCATE,9,10,0.1,0.11004588314904008,10.0
SBERT,ADVOCATE,10,5,0.2,0.13120507751234178,20.0
SBERT,ADVOCATE,10,10,0.2,0.1635413866202963,20.0
SBERT,ARTS,1,5,0.6,0.5296347172140421,60.0
SBERT,ARTS,1,10,0.4,0.4170606134915054,40.0
SBERT,ARTS,2,5,0.0,0.0,0.0
SBERT,ARTS,2,10,0.0,0.0,0.0
SBERT,ARTS,3,5,0.2,0.3391602052736161,20.0
SBERT,ARTS,3,10,0.1,0.22009176629808017,10.0
SBERT,BUSINESS-DEVELOPMENT,1,5,0.6,0.5296347172140421,60.0
SBERT,BUSINESS-DEVELOPMENT,1,10,0.7,0.6285108926059098,70.0
SBERT,BUSINESS-DEVELOPMENT,2,5,0.6,0.639945385422766,60.0
SBERT,BUSINESS-DEVELOPMENT,2,10,0.5,0.5670429581667766,50.0
SBERT,BUSINESS-DEVELOPMENT,3,5,0.6,0.7227265726449519,60.0
SBERT,BUSINESS-DEVELOPMENT,3,10,0.3,0.4690000933206748,30.0
SBERT,AGRICULTURE,1,5,0.0,0.0,0.0
SBERT,AGRICULTURE,1,10,0.1,0.07336392209936005,10.0
SBERT,AGRICULTURE,2,5,0.0,0.0,0.0
SBERT,AGRICULTURE,2,10,0.0,0.0,0.0
SBERT,AGRICULTURE,3,5,0.0,0.0,0.0
SBERT,AGRICULTURE,3,10,0.0,0.0,0.0
SBERT,AGRICULTURE,4,5,0.0,0.0,0.0
SBERT,AGRICULTURE,4,10,0.1,0.07839826897867533,10.0
SBERT,AGRICULTURE,5,5,0.0,0.0,0.0
SBERT,AGRICULTURE,5,10,0.0,0.0,0.0
SBERT,AGRICULTURE,6,5,0.0,0.0,0.0
SBERT,AGRICULTURE,6,10,0.0,0.0,0.0
SBERT,AGRICULTURE,7,5,0.0,0.0,0.0
SBERT,AGRICULTURE,7,10,0.0,0.0,0.0
SBERT,AGRICULTURE,8,5,0.0,0.0,0.0
SBERT,AGRICULTURE,8,10,0.0,0.0,0.0
SBERT,APPAREL,1,5,0.2,0.14606834984270645,20.0
SBERT,APPAREL,1,10,0.2,0.1731866333482261,20.0
SBERT,APPAREL,2,5,0.2,0.21398626473452756,20.0
SBERT,APPAREL,2,10,0.1,0.13886244387355454,10.0
SBERT,APPAREL,3,5,0.0,0.0,0.0
SBERT,APPAREL,3,10,0.1,0.06625422345438903,10.0
SBERT,APPAREL,4,5,0.2,0.16958010263680806,20.0
SBERT,APPAREL,4,10,0.1,0.11004588314904008,10.0
SBERT,APPAREL,5,5,0.2,0.14606834984270645,20.0
SBERT,APPAREL,5,10,0.3,0.24655055544758614,30.0
SBERT,APPAREL,6,5,0.0,0.0,0.0
SBERT,APPAREL,6,10,0.0,0.0,0.0
SBERT,APPAREL,7,5,0.0,0.0,0.0
SBERT,APPAREL,7,10,0.4,0.2816372027313761,40.0
SBERT,APPAREL,8,5,0.2,0.3391602052736161,20.0
SBERT,APPAREL,8,10,0.2,0.28952298823485745,20.0
SBERT,CONSTRUCTION,1,5,0.0,0.0,0.0
SBERT,CONSTRUCTION,1,10,0.0,0.0,0.0
SBERT,CONSTRUCTION,2,5,0.8,0.8687949224876582,80.0
SBERT,CONSTRUCTION,2,10,0.9,0.914856882358379,90.0
SBERT,CONSTRUCTION,3,5,0.6,0.6548086577531307,60.0
SBERT,CONSTRUCTION,3,10,0.6,0.6390097281865127,60.0
SBERT,PUBLIC-RELATIONS,1,5,0.4,0.4703652827859579,40.0
SBERT,PUBLIC-RELATIONS,1,10,0.4,0.4422195942380129,40.0
SBERT,PUBLIC-RELATIONS,2,5,0.4,0.4703652827859579,40.0
SBERT,PUBLIC-RELATIONS,2,10,0.5,0.5264282969545138,50.0
SBERT,PUBLIC-RELATIONS,3,5,0.0,0.0,0.0
SBERT,PUBLIC-RELATIONS,3,10,0.2,0.1478294909154526,20.0
SBERT,PUBLIC-RELATIONS,4,5,0.8,0.8687949224876582,80.0
SBERT,PUBLIC-RELATIONS,4,10,0.6,0.715550648768261,60.0
SBERT,PUBLIC-RELATIONS,5,5,0.4,0.34519134224686937,40.0
SBERT,PUBLIC-RELATIONS,5,10,0.2,0.22400556151517553,20.0
SBERT,PUBLIC-RELATIONS,6,5,0.4,0.3156484524795145,40.0
SBERT,PUBLIC-RELATIONS,6,10,0.4,0.34181895781690264,40.0
SBERT,PUBLIC-RELATIONS,7,5,0.4,0.4703652827859579,40.0
SBERT,PUBLIC-RELATIONS,7,10,0.3,0.3714891073940902,30.0
SBERT,PUBLIC-RELATIONS,8,5,0.0,0.0,0.0
SBERT,PUBLIC-RELATIONS,8,10,0.0,0.0,0.0
SBERT,PUBLIC-RELATIONS,9,5,0.4,0.5087403079104241,40.0
SBERT,PUBLIC-RELATIONS,9,10,0.4,0.4818998405251556,40.0
SBERT,BPO,1,5,0.0,0.0,0.0
SBERT,BPO,1,10,0.0,0.0,0.0
SBERT,BPO,2,5,0.0,0.0,0.0
SBERT,BPO,2,10,0.0,0.0,0.0
SBERT,BPO,3,5,0.0,0.0,0.0
SBERT,BPO,3,10,0.0,0.0,0.0
SBERT,BPO,4,5,0.0,0.0,0.0
SBERT,BPO,4,10,0.2,0.1478294909154526,20.0
SBERT,BPO,5,5,0.0,0.0,0.0
SBERT,BPO,5,10,0.0,0.0,0.0
SBERT,BPO,6,5,0.0,0.0,0.0
SBERT,BPO,6,10,0.1,0.07336392209936005,10.0
SBERT-FT,HR,1,5,1.0,1.0,100.0
SBERT-FT,HR,1,10,1.0,1.0,100.0
SBERT-FT,HR,2,5,1.0,1.0,100.0
SBERT-FT,HR,2,10,1.0,1.0,100.0
SBERT-FT,HR,3,5,1.0,1.0,100.0
SBERT-FT,HR,3,10,1.0,1.0,100.0
SBERT-FT,HR,4,5,1.0,1.0,100.0
SBERT-FT,HR,4,10,1.0,1.0,100.0
SBERT-FT,HR,5,5,1.0,1.0,100.0
SBERT-FT,HR,5,10,1.0,1.0,100.0
SBERT-FT,HR,6,5,1.0,1.0,100.0
SBERT-FT,HR,6,10,1.0,1.0,100.0
SBERT-FT,HR,7,5,1.0,1.0,100.0
SBERT-FT,HR,7,10,1.0,1.0,100.0
SBERT-FT,HR,8,5,1.0,1.0,100.0
SBERT-FT,HR,8,10,1.0,1.0,100.0
SBERT-FT,HR,9,5,1.0,1.0,100.0
SBERT-FT,HR,9,10,1.0,1.0,100.0
SBERT-FT,INFORMATION-TECHNOLOGY,1,5,0.6,0.6548086577531307,60.0
SBERT-FT,INFORMATION-TECHNOLOGY,1,10,0.8,0.7759944384848244,80.0
SBERT-FT,INFORMATION-TECHNOLOGY,2,5,0.8,0.830419897363192,80.0
SBERT-FT,INFORMATION-TECHNOLOGY,2,10,0.8,0.8263333286520083,80.0
SBERT-FT,INFORMATION-TECHNOLOGY,3,5,0.8,0.830419897363192,80.0
SBERT-FT,INFORMATION-TECHNOLOGY,3,10,0.9,0.8899541168509599,90.0
SBERT-FT,INFORMATION-TECHNOLOGY,4,5,0.8,0.6608397947263839,80.0
SBERT-FT,INFORMATION-TECHNOLOGY,4,10,0.9,0.7799082337019199,90.0
SBERT-FT,INFORMATION-TECHNOLOGY,5,5,0.8,0.7860137352654724,80.0
SBERT-FT,INFORMATION-TECHNOLOGY,5,10,0.9,0.8611375561264454,90.0
SBERT-FT,INFORMATION-TECHNOLOGY,6,5,0.8,0.8687949224876582,80.0
SBERT-FT,INFORMATION-TECHNOLOGY,6,10,0.8,0.8364586133797037,80.0
SBERT-FT,INFORMATION-TECHNOLOGY,7,5,1.0,1.0,100.0
SBERT-FT,INFORMATION-TECHNOLOGY,7,10,1.0,1.0,100.0
SBERT-FT,INFORMATION-TECHNOLOGY,8,5,0.8,0.8539316501572937,80.0
SBERT-FT,INFORMATION-TECHNOLOGY,8,10,0.8,0.8318477135310893,80.0
SBERT-FT,INFORMATION-TECHNOLOGY,9,5,0.8,0.8539316501572937,80.0
SBERT-FT,INFORMATION-TECHNOLOGY,9,10,0.8,0.8389574121760602,80.0
SBERT-FT,INFORMATION-TECHNOLOGY,10,5,1.0,1.0,100.0
SBERT-FT,INFORMATION-TECHNOLOGY,10,10,1.0,1.0,100.0
SBERT-FT,DESIGNER,1,5,1.0,1.0,100.0
SBERT-FT,DESIGNER,1,10,0.9,0.933745776545611,90.0
SBERT-FT,DESIGNER,2,5,1.0,1.0,100.0
SBERT-FT,DESIGNER,2,10,1.0,1.0,100.0
SBERT-FT,DESIGNER,3,5,1.0,1.0,100.0
SBERT-FT,DESIGNER,3,10,1.0,1.0,100.0
SBERT-FT,DESIGNER,4,5,1.0,1.0,100.0
SBERT-FT,DESIGNER,4,10,1.0,1.0,100.0
SBERT-FT,DESIGNER,5,5,1.0,1.0,100.0
SBERT-FT,DESIGNER,5,10,1.0,1.0,100.0
SBERT-FT,DESIGNER,6,5,0.8,0.8687949224876582,80.0
SBERT-FT,DESIGNER,6,10,0.9,0.914856882358379,90.0
SBERT-FT,DESIGNER,7,5,1.0,1.0,100.0
SBERT-FT,DESIGNER,7,10,1.0,1.0,100.0
SBERT-FT,DESIGNER,8,5,1.0,1.0,100.0
SBERT-FT,DESIGNER,8,10,0.9,0.9266360779006401,90.0
SBERT-FT,DESIGNER,9,5,1.0,1.0,100.0
SBERT-FT,DESIGNER,9,10,1.0,1.0,100.0
SBERT-FT,SALES,1,5,1.0,1.0,100.0
SBERT-FT,SALES,1,10,1.0,1.0,100.0
SBERT-FT,SALES,2,5,1.0,1.0,100.0
SBERT-FT,SALES,2,10,1.0,1.0,100.0
SBERT-FT,SALES,3,5,1.0,1.0,100.0
SBERT-FT,SALES,3,10,1.0,1.0,100.0
SBERT-FT,SALES,4,5,1.0,1.0,100.0
SBERT-FT,SALES,4,10,1.0,1.0,100.0
SBERT-FT,SALES,5,5,1.0,1.0,100.0
SBERT-FT,SALES,5,10,1.0,1.0,100.0
SBERT-FT,SALES,6,5,0.6,0.6548086577531307,60.0
SBERT-FT,SALES,6,10,0.7,0.7065632165480471,70.0
SBERT-FT,SALES,7,5,1.0,1.0,100.0
SBERT-FT,SALES,7,10,1.0,1.0,100.0
SBERT-FT,SALES,8,5,1.0,1.0,100.0
SBERT-FT,SALES,8,10,1.0,1.0,100.0
SBERT-FT,SALES,9,5,1.0,1.0,100.0
SBERT-FT,SALES,9,10,1.0,1.0,100.0
SBERT-FT,FINANCE,1,5,1.0,1.0,100.0
SBERT-FT,FINANCE,1,10,0.9,0.9266360779006401,90.0
SBERT-FT,FINANCE,2,5,1.0,1.0,100.0
SBERT-FT,FINANCE,2,10,1.0,1.0,100.0
SBERT-FT,FINANCE,3,5,1.0,1.0,100.0
SBERT-FT,FINANCE,3,10,1.0,1.0,100.0
SBERT-FT,FINANCE,4,5,0.8,0.8539316501572937,80.0
SBERT-FT,FINANCE,4,10,0.9,0.9052116356304493,90.0
SBERT-FT,FINANCE,5,5,1.0,1.0,100.0
SBERT-FT,FINANCE,5,10,1.0,1.0,100.0
SBERT-FT,FINANCE,6,5,1.0,1.0,100.0
SBERT-FT,FINANCE,6,10,1.0,1.0,100.0
SBERT-FT,FINANCE,7,5,1.0,1.0,100.0
SBERT-FT,FINANCE,7,10,1.0,1.0,100.0
SBERT-FT,FINANCE,8,5,1.0,1.0,100.0
SBERT-FT,FINANCE,8,10,1.0,1.0,100.0
SBERT-FT,FINANCE,9,5,1.0,1.0,100.0
SBERT-FT,FINANCE,9,10,1.0,1.0,100.0
SBERT-FT,FINANCE,10,5,1.0,1.0,100.0
SBERT-FT,FINANCE,10,10,1.0,1.0,100.0
SBERT-FT,BANKING,1,5,1.0,1.0,100.0
SBERT-FT,BANKING,1,10,1.0,1.0,100.0
SBERT-FT,BANKING,2,5,1.0,1.0,100.0
SBERT-FT,BANKING,2,10,1.0,1.0,100.0
SBERT-FT,BANKING,3,5,1.0,1.0,100.0
SBERT-FT,BANKING,3,10,1.0,1.0,100.0
SBERT-FT,HEALTHCARE,1,5,0.8,0.7860137352654724,80.0
SBERT-FT,HEALTHCARE,1,10,0.8,0.7948833326720564,80.0
SBERT-FT,HEALTHCARE,2,5,1.0,1.0,100.0
SBERT-FT,HEALTHCARE,2,10,0.9,0.9216017310213247,90.0
SBERT-FT,HEALTHCARE,3,5,1.0,1.0,100.0
SBERT-FT,HEALTHCARE,3,10,1.0,1.0,100.0
SBERT-FT,ENGINEERING,1,5,1.0,1.0,100.0
SBERT-FT,ENGINEERING,1,10,1.0,1.0,100.0
SBERT-FT,ENGINEERING,2,5,1.0,1.0,100.0
SBERT-FT,ENGINEERING,2,10,1.0,1.0,100.0
SBERT-FT,ENGINEERING,3,5,1.0,1.0,100.0
SBERT-FT,ENGINEERING,3,10,1.0,1.0,100.0
SBERT-FT,ENGINEERING,4,5,1.0,1.0,100.0
SBERT-FT,ENGINEERING,4,10,0.9,0.9266360779006401,90.0
SBERT-FT,ENGINEERING,5,5,1.0,1.0,100.0
SBERT-FT,ENGINEERING,5,10,1.0,1.0,100.0
SBERT-FT,ENGINEERING,6,5,1.0,1.0,100.0
SBERT-FT,ENGINEERING,6,10,1.0,1.0,100.0
SBERT-FT,ENGINEERING,7,5,1.0,1.0,100.0
SBERT-FT,ENGINEERING,7,10,0.9,0.9305687780632227,90.0
SBERT-FT,ENGINEERING,8,5,1.0,1.0,100.0
SBERT-FT,ENGINEERING,8,10,1.0,1.0,100.0
SBERT-FT,ENGINEERING,9,5,1.0,1.0,100.0
SBERT-FT,ENGINEERING,9,10,0.9,0.9363792118010483,90.0
SBERT-FT,ENGINEERING,10,5,1.0,1.0,100.0
SBERT-FT,ENGINEERING,10,10,1.0,1.0,100.0
SBERT-FT,ACCOUNTANT,1,5,1.0,1.0,100.0
SBERT-FT,ACCOUNTANT,1,10,1.0,1.0,100.0
SBERT-FT,ACCOUNTANT,2,5,1.0,1.0,100.0
SBERT-FT,ACCOUNTANT,2,10,1.0,1.0,100.0
SBERT-FT,ACCOUNTANT,3,5,1.0,1.0,100.0
SBERT-FT,ACCOUNTANT,3,10,1.0,1.0,100.0
SBERT-FT,DIGITAL-MEDIA,1,5,1.0,1.0,100.0
SBERT-FT,DIGITAL-MEDIA,1,10,1.0,1.0,100.0
SBERT-FT,DIGITAL-MEDIA,2,5,1.0,1.0,100.0
SBERT-FT,DIGITAL-MEDIA,2,10,1.0,1.0,100.0
SBERT-FT,DIGITAL-MEDIA,3,5,0.4,0.3156484524795145,40.0
SBERT-FT,DIGITAL-MEDIA,3,10,0.5,0.42021722679557794,50.0
SBERT-FT,DIGITAL-MEDIA,4,5,0.2,0.16958010263680806,20.0
SBERT-FT,DIGITAL-MEDIA,4,10,0.6,0.46111430781719354,60.0
SBERT-FT,DIGITAL-MEDIA,5,5,0.4,0.30078518014914984,40.0
SBERT-FT,DIGITAL-MEDIA,5,10,0.5,0.4066392799050653,50.0
SBERT-FT,DIGITAL-MEDIA,6,5,0.4,0.3156484524795145,40.0
SBERT-FT,DIGITAL-MEDIA,6,10,0.4,0.33788625765431984,40.0
SBERT-FT,DIGITAL-MEDIA,7,5,1.0,1.0,100.0
SBERT-FT,DIGITAL-MEDIA,7,10,1.0,1.0,100.0
SBERT-FT,DIGITAL-MEDIA,8,5,0.2,0.13120507751234178,20.0
SBERT-FT,DIGITAL-MEDIA,8,10,0.4,0.29155904987671,40.0
SBERT-FT,DIGITAL-MEDIA,9,5,0.8,0.830419897363192,80.0
SBERT-FT,DIGITAL-MEDIA,9,10,0.6,0.6745711375739728,60.0
SBERT-FT,CONSULTANT,1,5,1.0,1.0,100.0
SBERT-FT,CONSULTANT,1,10,1.0,1.0,100.0
SBERT-FT,CONSULTANT,2,5,1.0,1.0,100.0
SBERT-FT,CONSULTANT,2,10,1.0,1.0,100.0
SBERT-FT,CONSULTANT,3,5,0.8,0.8539316501572937,80.0
SBERT-FT,CONSULTANT,3,10,0.9,0.9052116356304493,90.0
SBERT-FT,CONSULTANT,4,5,1.0,1.0,100.0
SBERT-FT,CONSULTANT,4,10,1.0,1.0,100.0
SBERT-FT,CONSULTANT,5,5,1.0,1.0,100.0
SBERT-FT,CONSULTANT,5,10,1.0,1.0,100.0
SBERT-FT,CONSULTANT,6,5,1.0,1.0,100.0
SBERT-FT,CONSULTANT,6,10,1.0,1.0,100.0
SBERT-FT,CONSULTANT,7,5,1.0,1.0,100.0
SBERT-FT,CONSULTANT,7,10,1.0,1.0,100.0
SBERT-FT,CONSULTANT,8,5,1.0,1.0,100.0
SBERT-FT,CONSULTANT,8,10,0.9,0.9216017310213247,90.0
SBERT-FT,CONSULTANT,9,5,1.0,1.0,100.0
SBERT-FT,CONSULTANT,9,10,1.0,1.0,100.0
SBERT-FT,TEACHER,1,5,1.0,1.0,100.0
SBERT-FT,TEACHER,1,10,1.0,1.0,100.0
SBERT-FT,TEACHER,2,5,1.0,1.0,100.0
SBERT-FT,TEACHER,2,10,1.0,1.0,100.0
SBERT-FT,TEACHER,3,5,1.0,1.0,100.0
SBERT-FT,TEACHER,3,10,1.0,1.0,100.0
SBERT-FT,ADVOCATE,1,5,1.0,1.0,100.0
SBERT-FT,ADVOCATE,1,10,1.0,1.0,100.0
SBERT-FT,ADVOCATE,2,5,0.8,0.8539316501572937,80.0
SBERT-FT,ADVOCATE,2,10,0.8,0.8415908474314976,80.0
SBERT-FT,ADVOCATE,3,5,0.8,0.830419897363192,80.0
SBERT-FT,ADVOCATE,3,10,0.8,0.8205228949141826,80.0
SBERT-FT,ADVOCATE,4,5,0.6,0.6992148198508501,60.0
SBERT-FT,ADVOCATE,4,10,0.8,0.804810999209339,80.0
SBERT-FT,ADVOCATE,5,5,0.6,0.6548086577531307,60.0
SBERT-FT,ADVOCATE,5,10,0.8,0.7759944384848244,80.0
SBERT-FT,ADVOCATE,6,5,1.0,1.0,100.0
SBERT-FT,ADVOCATE,6,10,0.9,0.9305687780632227,90.0
SBERT-FT,ADVOCATE,7,5,0.6,0.6548086577531307,60.0
SBERT-FT,ADVOCATE,7,10,0.8,0.7759944384848244,80.0
SBERT-FT,ADVOCATE,8,5,1.0,1.0,100.0
SBERT-FT,ADVOCATE,8,10,0.8,0.8643145546088337,80.0
SBERT-FT,ADVOCATE,9,5,0.8,0.8687949224876582,80.0
SBERT-FT,ADVOCATE,9,10,0.8,0.8364586133797037,80.0
SBERT-FT,ADVOCATE,10,5,1.0,1.0,100.0
SBERT-FT,ADVOCATE,10,10,0.9,0.933745776545611,90.0
SBERT-FT,ARTS,1,5,1.0,1.0,100.0
SBERT-FT,ARTS,1,10,1.0,1.0,100.0
SBERT-FT,ARTS,2,5,1.0,1.0,100.0
SBERT-FT,ARTS,2,10,1.0,1.0,100.0
SBERT-FT,ARTS,3,5,1.0,1.0,100.0
SBERT-FT,ARTS,3,10,1.0,1.0,100.0
SBERT-FT,BUSINESS-DEVELOPMENT,1,5,1.0,1.0,100.0
SBERT-FT,BUSINESS-DEVELOPMENT,1,10,1.0,1.0,100.0
SBERT-FT,BUSINESS-DEVELOPMENT,2,5,1.0,1.0,100.0
SBERT-FT,BUSINESS-DEVELOPMENT,2,10,1.0,1.0,100.0
SBERT-FT,BUSINESS-DEVELOPMENT,3,5,1.0,1.0,100.0
SBERT-FT,BUSINESS-DEVELOPMENT,3,10,1.0,1.0,100.0
SBERT-FT,AGRICULTURE,1,5,0.6,0.5147714448836774,60.0
SBERT-FT,AGRICULTURE,1,10,0.6,0.5404673768993046,60.0
SBERT-FT,AGRICULTURE,2,5,0.4,0.30078518014914984,40.0
SBERT-FT,AGRICULTURE,2,10,0.7,0.5462574254588145,70.0
SBERT-FT,AGRICULTURE,3,5,0.2,0.16958010263680806,20.0
SBERT-FT,AGRICULTURE,3,10,0.5,0.3877503857178334,50.0
SBERT-FT,AGRICULTURE,4,5,0.2,0.13120507751234178,20.0
SBERT-FT,AGRICULTURE,4,10,0.5,0.3725907541108227,50.0
SBERT-FT,AGRICULTURE,5,5,0.4,0.3156484524795145,40.0
SBERT-FT,AGRICULTURE,5,10,0.6,0.48647145024996696,60.0
SBERT-FT,AGRICULTURE,6,5,0.6,0.639945385422766,60.0
SBERT-FT,AGRICULTURE,6,10,0.6,0.6267310462031457,60.0
SBERT-FT,AGRICULTURE,7,5,0.4,0.30078518014914984,40.0
SBERT-FT,AGRICULTURE,7,10,0.5,0.4163824138054737,50.0
SBERT-FT,AGRICULTURE,8,5,1.0,1.0,100.0
SBERT-FT,AGRICULTURE,8,10,0.8,0.8572048559638628,80.0
SBERT-FT,APPAREL,1,5,0.2,0.3391602052736161,20.0
SBERT-FT,APPAREL,1,10,0.2,0.2984900352767555,20.0
SBERT-FT,APPAREL,2,5,0.2,0.21398626473452756,20.0
SBERT-FT,APPAREL,2,10,0.3,0.2835149363066189,30.0
SBERT-FT,APPAREL,3,5,0.0,0.0,0.0
SBERT-FT,APPAREL,3,10,0.0,0.0,0.0
SBERT-FT,APPAREL,4,5,0.0,0.0,0.0
SBERT-FT,APPAREL,4,10,0.1,0.06943122193677727,10.0
SBERT-FT,APPAREL,5,5,0.4,0.30078518014914984,40.0
SBERT-FT,APPAREL,5,10,0.4,0.34695119186869644,40.0
SBERT-FT,APPAREL,6,5,0.0,0.0,0.0
SBERT-FT,APPAREL,6,10,0.1,0.06943122193677727,10.0
SBERT-FT,APPAREL,7,5,0.8,0.8687949224876582,80.0
SBERT-FT,APPAREL,7,10,0.8,0.8364586133797037,80.0
SBERT-FT,APPAREL,8,5,1.0,1.0,100.0
SBERT-FT,APPAREL,8,10,0.9,0.9216017310213247,90.0
SBERT-FT,CONSTRUCTION,1,5,0.8,0.6608397947263839,80.0
SBERT-FT,CONSTRUCTION,1,10,0.9,0.7799082337019199,90.0
SBERT-FT,CONSTRUCTION,2,5,1.0,1.0,100.0
SBERT-FT,CONSTRUCTION,2,10,1.0,1.0,100.0
SBERT-FT,CONSTRUCTION,3,5,0.8,0.6608397947263839,80.0
SBERT-FT,CONSTRUCTION,3,10,0.9,0.7799082337019199,90.0
SBERT-FT,PUBLIC-RELATIONS,1,5,0.4,0.36005461457723403,40.0
SBERT-FT,PUBLIC-RELATIONS,1,10,0.2,0.23365080824310533,20.0
SBERT-FT,PUBLIC-RELATIONS,2,5,0.2,0.13120507751234178,20.0
SBERT-FT,PUBLIC-RELATIONS,2,10,0.3,0.22793826167775827,30.0
SBERT-FT,PUBLIC-RELATIONS,3,5,0.4,0.34519134224686937,40.0
SBERT-FT,PUBLIC-RELATIONS,3,10,0.4,0.3596910069063418,40.0
SBERT-FT,PUBLIC-RELATIONS,4,5,0.8,0.6608397947263839,80.0
SBERT-FT,PUBLIC-RELATIONS,4,10,0.6,0.5734923014668308,60.0
SBERT-FT,PUBLIC-RELATIONS,5,5,0.8,0.7860137352654724,80.0
SBERT-FT,PUBLIC-RELATIONS,5,10,0.6,0.6496872770120411,60.0
SBERT-FT,PUBLIC-RELATIONS,6,5,0.4,0.4703652827859579,40.0
SBERT-FT,PUBLIC-RELATIONS,6,10,0.5,0.5232512984721256,50.0
SBERT-FT,PUBLIC-RELATIONS,7,5,0.2,0.21398626473452756,20.0
SBERT-FT,PUBLIC-RELATIONS,7,10,0.3,0.2687374555268953,30.0
SBERT-FT,PUBLIC-RELATIONS,8,5,0.6,0.4468535299918563,60.0
SBERT-FT,PUBLIC-RELATIONS,8,10,0.7,0.5716145678915879,70.0
SBERT-FT,PUBLIC-RELATIONS,9,5,0.2,0.16958010263680806,20.0
SBERT-FT,PUBLIC-RELATIONS,9,10,0.4,0.32542886242602714,40.0
SBERT-FT,BPO,1,5,0.4,0.48522855511632257,40.0
SBERT-FT,BPO,1,10,0.2,0.31488013066763093,20.0
SBERT-FT,BPO,2,5,0.6,0.7227265726449519,60.0
SBERT-FT,BPO,2,10,0.4,0.5352543167750639,40.0
SBERT-FT,BPO,3,5,0.6,0.5296347172140421,60.0
SBERT-FT,BPO,3,10,0.4,0.4073174795910971,40.0
SBERT-FT,BPO,4,5,0.4,0.5531464700081437,40.0
SBERT-FT,BPO,4,10,0.3,0.42838543210841196,30.0
SBERT-FT,BPO,5,5,0.8,0.8539316501572937,80.0
SBERT-FT,BPO,5,10,0.5,0.627507133061656,50.0
SBERT-FT,BPO,6,5,0.6,0.7227265726449519,60.0
SBERT-FT,BPO,6,10,0.6,0.6901935063354876,60.0
